industry_name,employer_name,filer_name,total_donations,total_donation_amount,total_donors
UNEMPLOYED,NONE,VOTE VALLIE BROWN FOR SUPERVISOR 2019,120,30630,96
GOVERNMENT,CITY AND COUNTY OF SAN FRANCISCO,VOTE VALLIE BROWN FOR SUPERVISOR 2019,51,9745,40
REAL ESTATE (DEVELOPER),TMG PARTNERS,VOTE VALLIE BROWN FOR SUPERVISOR 2019,14,6850,14
TECH,GOOGLE,VOTE VALLIE BROWN FOR SUPERVISOR 2019,8,2300,7
REAL ESTATE (REALTOR),VANGUARD PROPERTIES,VOTE VALLIE BROWN FOR SUPERVISOR 2019,7,3500,7
EDUCATION,SAN FRANCISCO STATE UNIVERSITY,DEAN PRESTON FOR SUPERVISOR 2019,7,1650,5
CANNABIS,BARBARY COAST SAN FRANCISCO,VOTE VALLIE BROWN FOR SUPERVISOR 2019,5,1850,5
TECH,FACEBOOK,VOTE VALLIE BROWN FOR SUPERVISOR 2019,4,1350,4
TECH,GOOGLE,DEAN PRESTON FOR SUPERVISOR 2019,6,1150,4
EDUCATION,SAN FRANCISCO UNIFIED SCHOOL DISTRICT,DEAN PRESTON FOR SUPERVISOR 2019,5,950,4
BUILDING TRADES,CULLINANE PLASTERING,VOTE VALLIE BROWN FOR SUPERVISOR 2019,3,1500,3
GOVERNMENT,STATE OF CALIFORNIA,DEAN PRESTON FOR SUPERVISOR 2019,3,600,3
GOVERNMENT,STATE OF CALIFORNIA,VOTE VALLIE BROWN FOR SUPERVISOR 2019,4,550,3
FINANCE,FLYNN INVESTMENTS,VOTE VALLIE BROWN FOR SUPERVISOR 2019,3,1500,3
HEALTHCARE (OTHER),GENENTECH,DEAN PRESTON FOR SUPERVISOR 2019,3,1300,3
NON-PROFIT (ADVOCACY),TENANTS TOGETHER,DEAN PRESTON FOR SUPERVISOR 2019,3,1000,3
FINANCE,SCOPIA CAPITAL MANAGEMENT,DEAN PRESTON FOR SUPERVISOR 2019,3,1499,3
GOVERNMENT,OFFICE OF THE SAN FRANCISCO PUBLIC DEFENDER,DEAN PRESTON FOR SUPERVISOR 2019,3,950,3
BUILDING TRADES,GRANITE EXCAVATION AND DEMOLITION,VOTE VALLIE BROWN FOR SUPERVISOR 2019,3,1500,3
CANNABIS,GRASS ROOTS,VOTE VALLIE BROWN FOR SUPERVISOR 2019,3,1500,3
FOOD SERVICE,JOHN'S GRILL,VOTE VALLIE BROWN FOR SUPERVISOR 2019,3,1500,3
TECH,FACEBOOK,DEAN PRESTON FOR SUPERVISOR 2019,2,1000,2
TECH,ORACLE,DEAN PRESTON FOR SUPERVISOR 2019,2,600,2
NON-PROFIT (COMMUNITY),JAPANESE CULTURAL AND COMMUNITY CENTER OF NORTHERN CALIFORNIA,VOTE VALLIE BROWN FOR SUPERVISOR 2019,2,300,2
REAL ESTATE (LANDLORD),CRE PROPERTY MANAGEMENT,VOTE VALLIE BROWN FOR SUPERVISOR 2019,2,600,2
EDUCATION,GOLDEN GATE UNIVERSITY,DEAN PRESTON FOR SUPERVISOR 2019,3,600,2
GOVERNMENT,CITY OF BERKELEY,DEAN PRESTON FOR SUPERVISOR 2019,2,500,2
RIDESHARE,LYFT,VOTE VALLIE BROWN FOR SUPERVISOR 2019,2,350,2
NON-PROFIT (LAW),PUBLIC ADVOCATES,DEAN PRESTON FOR SUPERVISOR 2019,3,750,2
EDUCATION,SAN FRANCISCO STATE UNIVERSITY,VOTE VALLIE BROWN FOR SUPERVISOR 2019,2,350,2
ENTERTAINMENT,FMD MEDIA SALES,DEAN PRESTON FOR SUPERVISOR 2019,2,1000,2
GOVERNMENT,UNITED TALENT AGENCY,DEAN PRESTON FOR SUPERVISOR 2019,3,300,2
RELIGION,EDMONDS UNITARIAN UNIVERSALIST CONGREGATION,DEAN PRESTON FOR SUPERVISOR 2019,2,1000,2
TECH,ATLASSIAN,DEAN PRESTON FOR SUPERVISOR 2019,2,1000,2
NON-PROFIT (COMMUNITY),AFRICAN AMERICAN ART AND CULTURE COMPLEX,VOTE VALLIE BROWN FOR SUPERVISOR 2019,2,200,2
REAL ESTATE (REALTOR),COMPASS REAL ESTATE,VOTE VALLIE BROWN FOR SUPERVISOR 2019,2,600,2
HEALTHCARE (INSURANCE),KAISER PERMANENTE,DEAN PRESTON FOR SUPERVISOR 2019,2,250,2
HEALTHCARE (INSURANCE),KAISER PERMANENTE,VOTE VALLIE BROWN FOR SUPERVISOR 2019,2,350,2
FOOD SERVICE,HONG KONG CLAY POT RESTAURANT,VOTE VALLIE BROWN FOR SUPERVISOR 2019,3,500,2
POLITICS,CHESA BOUDIN FOR DISTRICT ATTORNEY 2019,DEAN PRESTON FOR SUPERVISOR 2019,5,1000,2
REAL ESTATE (REALTOR),COMPASS,VOTE VALLIE BROWN FOR SUPERVISOR 2019,2,200,2
REAL ESTATE (DEVELOPER),EMERALD FUND,VOTE VALLIE BROWN FOR SUPERVISOR 2019,2,1000,2
NON-PROFIT (ADVOCACY),EVICTION DEFENSE COLLABORATIVE,DEAN PRESTON FOR SUPERVISOR 2019,3,700,2
TECH,RALLY HEALTH,DEAN PRESTON FOR SUPERVISOR 2019,1,500,1
REAL ESTATE (NON-PROFIT),MASSACHUSETTS HOUSING PARTNERSHIP,DEAN PRESTON FOR SUPERVISOR 2019,1,250,1
ENTERTAINMENT,BIG CITY VOLLEYBALL,DEAN PRESTON FOR SUPERVISOR 2019,1,500,1
NON-PROFIT (LAW),EARTHJUSTICE,DEAN PRESTON FOR SUPERVISOR 2019,2,500,1
PRIVATE LAW,SHERRY GENDELMAN LAW OFFICES,DEAN PRESTON FOR SUPERVISOR 2019,1,250,1
GOVERNMENT,UNITED STATES HOUSE OF REPRESENTATIVES,DEAN PRESTON FOR SUPERVISOR 2019,2,500,1
NA,BUILD,VOTE VALLIE BROWN FOR SUPERVISOR 2019,2,0,1
UNEMPLOYED,NONE,DEAN PRESTON FOR SUPERVISOR 2019,1,500,1
RETAIL (SMALL BUSINESS),LOVE ON HAIGHT,VOTE VALLIE BROWN FOR SUPERVISOR 2019,1,500,1
GOVERNMENT,CITY AND COUNTY OF SAN FRANCISCO,DEAN PRESTON FOR SUPERVISOR 2019,1,100,1
FOOD SERVICE,CLUB WAZIEMA,DEAN PRESTON FOR SUPERVISOR 2019,1,500,1
BIOTECH,DYNAVAX TECHNOLOGIES,DEAN PRESTON FOR SUPERVISOR 2019,1,500,1
REAL ESTATE (REALTOR),TRINITY PROPERTIES,VOTE VALLIE BROWN FOR SUPERVISOR 2019,1,500,1
BIOTECH,LYELL,DEAN PRESTON FOR SUPERVISOR 2019,1,500,1
TECH,LEAPYEAR,DEAN PRESTON FOR SUPERVISOR 2019,5,295,1
REAL ESTATE (INVESTMENT),URBAN GROUP REAL ESTATE,DEAN PRESTON FOR SUPERVISOR 2019,1,200,1
HEALTHCARE (PROVIDER),BAY REA HEALTHCARE CENTER,VOTE VALLIE BROWN FOR SUPERVISOR 2019,1,500,1
CONSULTING (DESIGN/ENGINEERING),FEHR AND PEERS,VOTE VALLIE BROWN FOR SUPERVISOR 2019,1,100,1
SELF-EMPLOYED,D'S DAWGS,VOTE VALLIE BROWN FOR SUPERVISOR 2019,1,500,1
EDUCATION,PORTLAND PUBLIC SCHOOLS,DEAN PRESTON FOR SUPERVISOR 2019,2,500,1
NA,50+1 STRATEGIES,VOTE VALLIE BROWN FOR SUPERVISOR 2019,1,100,1
FINANCE,NORTHERN CALIFORNIA COMMUNITY LOAN FUND,VOTE VALLIE BROWN FOR SUPERVISOR 2019,1,100,1
EDUCATION,LAWRENCE BERKELEY LAB,VOTE VALLIE BROWN FOR SUPERVISOR 2019,2,500,1
CONSULTING (BUSINESS),ALFRED WILLIAMS CONSULTANCY,VOTE VALLIE BROWN FOR SUPERVISOR 2019,1,500,1
REAL ESTATE (REALTOR),ALAIN PINEL REALTORS,DEAN PRESTON FOR SUPERVISOR 2019,1,100,1
NON-PROFIT (LAW),AIDS LEGAL REFERRAL PANEL,DEAN PRESTON FOR SUPERVISOR 2019,3,200,1
GOVERNMENT,UNITED STATES ENVIRONMENTAL PROTECTION AGENCY,DEAN PRESTON FOR SUPERVISOR 2019,1,200,1
PRIVATE LAW,BOOMERANG LITIGATION SERVICES,VOTE VALLIE BROWN FOR SUPERVISOR 2019,1,500,1
TECH,COINBASE,DEAN PRESTON FOR SUPERVISOR 2019,1,200,1
NON-PROFIT (LAW),LEGAL ASSISTANCE TO THE ELDERLY,DEAN PRESTON FOR SUPERVISOR 2019,1,500,1
GOVERNMENT,COUNTY OF SANTA CLARA,DEAN PRESTON FOR SUPERVISOR 2019,3,500,1
CONSULTING (POLITICS),THE ADRIEL HAMPTON GROUP,DEAN PRESTON FOR SUPERVISOR 2019,3,500,1
MEDIA,INSIGHT MEDIA,VOTE VALLIE BROWN FOR SUPERVISOR 2019,2,200,1
TECH,SLACK TECHNOLOGIES,DEAN PRESTON FOR SUPERVISOR 2019,1,200,1
TECH,ORACLE,VOTE VALLIE BROWN FOR SUPERVISOR 2019,1,500,1
FINANCE,RIAZ CAPITAL,VOTE VALLIE BROWN FOR SUPERVISOR 2019,1,500,1
NON-PROFIT (COMMUNITY),FORT MASON CENTER,VOTE VALLIE BROWN FOR SUPERVISOR 2019,1,250,1
NON-PROFIT (COMMUNITY),JAPANESE CULTURAL AND COMMUNITY CENTER OF NORTHERN CALIFORNIA,DEAN PRESTON FOR SUPERVISOR 2019,1,500,1
NON-PROFIT (ADVOCACY),SAN FRANCISCO TENANTS UNION,DEAN PRESTON FOR SUPERVISOR 2019,1,200,1
BUILDING TRADES,JRM CONSTRUCTION MANAGEMENT,DEAN PRESTON FOR SUPERVISOR 2019,1,500,1
REAL ESTATE (OTHER),ASSOCIATION RESERVES,VOTE VALLIE BROWN FOR SUPERVISOR 2019,1,500,1
GOVERNMENT,SAN FRANCISCO DEPT OF PUBLIC HEALTH,DEAN PRESTON FOR SUPERVISOR 2019,1,250,1
HEALTHCARE (INSURANCE),SAN FRANCISCO HEALTH PLAN,DEAN PRESTON FOR SUPERVISOR 2019,1,100,1
CONSULTING (DESIGN/ENGINEERING),GMTO CORP,VOTE VALLIE BROWN FOR SUPERVISOR 2019,1,500,1
EDUCATION,CITY COLLEGE OF SAN FRANCISCO,DEAN PRESTON FOR SUPERVISOR 2019,1,100,1
OTHER SERVICES,MCAVOY O'HARA COMPANY,DEAN PRESTON FOR SUPERVISOR 2019,1,500,1
ENTERTAINMENT,GOLDEN STATE WARRIORS,VOTE VALLIE BROWN FOR SUPERVISOR 2019,1,250,1
TECH,LIGHTSTEP,DEAN PRESTON FOR SUPERVISOR 2019,1,500,1
NON-PROFIT (ADVOCACY),SF HOUSING ACTION COALITION,VOTE VALLIE BROWN FOR SUPERVISOR 2019,1,250,1
HEALTHCARE (PROVIDER),HEART OF WELLNESS,DEAN PRESTON FOR SUPERVISOR 2019,1,150,1
TENANT LAW,GREENSTEIN AND MCDONALD,DEAN PRESTON FOR SUPERVISOR 2019,2,500,1
NON-PROFIT (COMMUNITY),NOE NEIGHBORHOOD COUNCIL,DEAN PRESTON FOR SUPERVISOR 2019,1,100,1
TECH,MICROSOFT CORPORATION,DEAN PRESTON FOR SUPERVISOR 2019,2,500,1
PRIVATE LAW,WALKUP LAW OFFICE,DEAN PRESTON FOR SUPERVISOR 2019,1,500,1
PRIVATE LAW,MOYA LAW FIRM,DEAN PRESTON FOR SUPERVISOR 2019,1,100,1
TECH,WELLSPRING,DEAN PRESTON FOR SUPERVISOR 2019,1,100,1
FINANCE,NORWEST VENTURE PARTNERS,VOTE VALLIE BROWN FOR SUPERVISOR 2019,1,500,1
EDUCATION,SAN FRANCISCO UNIFIED SCHOOL DISTRICT,VOTE VALLIE BROWN FOR SUPERVISOR 2019,1,100,1
HEALTHCARE (PROVIDER),ENSIGN,VOTE VALLIE BROWN FOR SUPERVISOR 2019,1,500,1
CONSULTING (BUSINESS),SINOTAS CONSULTING,VOTE VALLIE BROWN FOR SUPERVISOR 2019,1,500,1
TECH,SOFTWARE ENGINEER,VOTE VALLIE BROWN FOR SUPERVISOR 2019,1,500,1
REAL ESTATE (OTHER),MAXIMS,VOTE VALLIE BROWN FOR SUPERVISOR 2019,1,500,1
CONSULTING (BUSINESS),STEINHORN CONSULTING,VOTE VALLIE BROWN FOR SUPERVISOR 2019,1,100,1
HEALTHCARE (OTHER),PRICEWATERHOUSECOOPERS,VOTE VALLIE BROWN FOR SUPERVISOR 2019,1,250,1
EDUCATION,TRINITY SCHOOL,DEAN PRESTON FOR SUPERVISOR 2019,1,500,1
FINANCE,MORGAN STANLEY,VOTE VALLIE BROWN FOR SUPERVISOR 2019,1,250,1
CONSULTING (BUSINESS),EDELMAN,VOTE VALLIE BROWN FOR SUPERVISOR 2019,1,100,1
CONSULTING (BUSINESS),MESLOH STRATEGIES,VOTE VALLIE BROWN FOR SUPERVISOR 2019,3,500,1
HEALTHCARE (INSURANCE),AETNA,VOTE VALLIE BROWN FOR SUPERVISOR 2019,6,500,1
NON-PROFIT (LAW),NATIONAL HOUSING LAW PROJECT,DEAN PRESTON FOR SUPERVISOR 2019,1,150,1
FINANCE,ZEBED SECURITIES LLX,DEAN PRESTON FOR SUPERVISOR 2019,1,500,1
GOVERNMENT,CITY OF OAKLAND,DEAN PRESTON FOR SUPERVISOR 2019,1,500,1
CONSULTING (BUSINESS),ROBERT HALF MANAGEMENT RESOURCES,DEAN PRESTON FOR SUPERVISOR 2019,1,100,1
REAL ESTATE (REALTOR),DAVE WASSERMAN REAL ESTATE,VOTE VALLIE BROWN FOR SUPERVISOR 2019,1,500,1
PRIVATE LAW,HOOSHMAND LAW GROUP,DEAN PRESTON FOR SUPERVISOR 2019,1,500,1
NON-PROFIT (LAW),EAST BAY COMMUNITY LAW CENTER,DEAN PRESTON FOR SUPERVISOR 2019,1,500,1
FOOD SERVICE,DANNY COYLE'S,VOTE VALLIE BROWN FOR SUPERVISOR 2019,1,250,1
PRIVATE LAW,TRN LAW,VOTE VALLIE BROWN FOR SUPERVISOR 2019,1,100,1
REAL ESTATE (DEVELOPER),LATAM PROPERTIES,DEAN PRESTON FOR SUPERVISOR 2019,1,500,1
FOOD SERVICE,BLACK SANDS,VOTE VALLIE BROWN FOR SUPERVISOR 2019,1,250,1
NA,TK DIRECTIONS,DEAN PRESTON FOR SUPERVISOR 2019,1,500,1
NA,ADR CONTINENTAL GROUP,VOTE VALLIE BROWN FOR SUPERVISOR 2019,2,0,1
PRIVATE LAW,FOX ROTHSCHILD,DEAN PRESTON FOR SUPERVISOR 2019,1,100,1
TECH,MEDAL,DEAN PRESTON FOR SUPERVISOR 2019,1,500,1
HEALTHCARE (OTHER),GENENTECH,VOTE VALLIE BROWN FOR SUPERVISOR 2019,1,500,1
PRIVATE LAW,LAW OFFICES OF J. WALLACE OMAN,DEAN PRESTON FOR SUPERVISOR 2019,1,100,1
TECH,HUSTLE,DEAN PRESTON FOR SUPERVISOR 2019,1,500,1
PRIVATE LAW,LAW OFFICE OF ANDREW WESTLEY PC,DEAN PRESTON FOR SUPERVISOR 2019,1,500,1
MANUFACTURING,BUDGET SIGNS,DEAN PRESTON FOR SUPERVISOR 2019,1,500,1
REAL ESTATE (OTHER),COLLIERS INTERNATIONAL,VOTE VALLIE BROWN FOR SUPERVISOR 2019,1,100,1
CONSULTING (BUSINESS),SAI INTERPRETATION,VOTE VALLIE BROWN FOR SUPERVISOR 2019,1,100,1
REAL ESTATE (LANDLORD),WEST COAST PROPERTY MANAGEMENT CO.,VOTE VALLIE BROWN FOR SUPERVISOR 2019,1,500,1
MANUFACTURING,WOLVERINE WORLDWIDE,VOTE VALLIE BROWN FOR SUPERVISOR 2019,1,250,1
HEALTHCARE (PROVIDER),TPMG BEHAVIORAL HEALTH,DEAN PRESTON FOR SUPERVISOR 2019,1,500,1
PRIVATE LAW,BEAHM LAW PC,DEAN PRESTON FOR SUPERVISOR 2019,1,100,1
PRIVATE LAW,LAW OFFICES OF TIM A. PORI,DEAN PRESTON FOR SUPERVISOR 2019,1,250,1
NON-PROFIT (ADVOCACY),SAN FRANCISCO HOUSING ACTION COALITION,VOTE VALLIE BROWN FOR SUPERVISOR 2019,2,498,1
NON-PROFIT (COMMUNITY),SAN FRANCISCO STUDY CENTER,DEAN PRESTON FOR SUPERVISOR 2019,1,100,1
NON-PROFIT (LAW),THE PUBLIC INTEREST LAW PROJECT,DEAN PRESTON FOR SUPERVISOR 2019,1,250,1
NON-PROFIT (COMMUNITY),HAIGHT-ASHBURY IMPROVEMENT ASSOCIATION,VOTE VALLIE BROWN FOR SUPERVISOR 2019,1,100,1
CANNABIS,CONOR JOHNSTON CONSULTING,VOTE VALLIE BROWN FOR SUPERVISOR 2019,1,500,1
GOVERNMENT,SAN FRANCISCO IHSS PUBLIC AUTHORITY,DEAN PRESTON FOR SUPERVISOR 2019,1,500,1
PRIVATE LAW,BRYAN CAVE LEIGHTON PAISNER,VOTE VALLIE BROWN FOR SUPERVISOR 2019,1,250,1
PRIVATE LAW,BRYAN CAVE LEIGHTON PAISNER,DEAN PRESTON FOR SUPERVISOR 2019,1,200,1
GOVERNMENT,UNITED STATES DEPARTMENT OF JUSTICE,VOTE VALLIE BROWN FOR SUPERVISOR 2019,1,500,1
REAL ESTATE (INVESTMENT),STRADA INVESTMENT GROUP,VOTE VALLIE BROWN FOR SUPERVISOR 2019,1,500,1
NON-PROFIT (COMMUNITY),COLLECTIVE IMPACT,VOTE VALLIE BROWN FOR SUPERVISOR 2019,1,250,1
HEALTHCARE (PROVIDER),STANFORD FUNCTIONAL GENOMICS FACILITY,VOTE VALLIE BROWN FOR SUPERVISOR 2019,1,500,1
REAL ESTATE (REALTOR),AMERICAN REALTY,VOTE VALLIE BROWN FOR SUPERVISOR 2019,1,500,1
RIDESHARE,UBER,VOTE VALLIE BROWN FOR SUPERVISOR 2019,1,100,1
BUILDING TRADES,CULLINANE CONSTRUCTION,VOTE VALLIE BROWN FOR SUPERVISOR 2019,1,500,1
EDUCATION,JOHN F. KENNEDY UNIVERSITY,DEAN PRESTON FOR SUPERVISOR 2019,1,100,1
PRIVATE LAW,LAW OFFICES OF STEPHEN M WILLIAMS,DEAN PRESTON FOR SUPERVISOR 2019,1,500,1
EDUCATION,ENGLISH LANGUAGE CENTER,DEAN PRESTON FOR SUPERVISOR 2019,1,500,1
NON-PROFIT (OTHER),COMMUNITY PARTNERS/MOVE LA,DEAN PRESTON FOR SUPERVISOR 2019,2,500,1
NON-PROFIT (COMMUNITY),LOWER POLK COMMUNITY BENEFIT DISTRICT,VOTE VALLIE BROWN FOR SUPERVISOR 2019,1,500,1
GOVERNMENT,MENDOCINO COUNTY PUBLIC DEFENDER,DEAN PRESTON FOR SUPERVISOR 2019,1,250,1
FINANCE,MITSUBISHI UFJ FINANCIAL GROUP,DEAN PRESTON FOR SUPERVISOR 2019,1,500,1
HEALTHCARE (OTHER),IQVIA,VOTE VALLIE BROWN FOR SUPERVISOR 2019,1,500,1
NON-PROFIT (COMMUNITY),JEWISH FILM INSTITUTE,DEAN PRESTON FOR SUPERVISOR 2019,1,500,1
FOOD SERVICE,STARBUCKS,VOTE VALLIE BROWN FOR SUPERVISOR 2019,1,100,1
TECH,PATREON,DEAN PRESTON FOR SUPERVISOR 2019,1,500,1
CONSULTING (DESIGN/ENGINEERING),DOUGLAS DURKIN DESIGN,VOTE VALLIE BROWN FOR SUPERVISOR 2019,2,500,1
NON-PROFIT (COMMUNITY),COMMUNITY CENTER FOR EDUCATION RESULTS,DEAN PRESTON FOR SUPERVISOR 2019,1,250,1
CANNABIS,EMPORIUM SF,VOTE VALLIE BROWN FOR SUPERVISOR 2019,1,500,1
HEALTHCARE (PROVIDER),HEALTHRIGHT 360,VOTE VALLIE BROWN FOR SUPERVISOR 2019,1,500,1
REAL ESTATE (REALTOR),BIG TREE PROPERTIES,VOTE VALLIE BROWN FOR SUPERVISOR 2019,1,500,1
CONSULTING (POLITICS),RALLY CAMPAIGNS,VOTE VALLIE BROWN FOR SUPERVISOR 2019,1,250,1
NON-PROFIT (COMMUNITY),GREENBELT ALLIANCE,VOTE VALLIE BROWN FOR SUPERVISOR 2019,2,500,1
PRIVATE LAW,CALIFORNIA APPELLATE LAW GROUP,VOTE VALLIE BROWN FOR SUPERVISOR 2019,1,100,1
TECH,APOLLO.IO,DEAN PRESTON FOR SUPERVISOR 2019,1,500,1
EDUCATION,KIPP BAY AREA PUBLIC SCHOOLS,VOTE VALLIE BROWN FOR SUPERVISOR 2019,1,100,1
FITNESS,SOUL CYCLE SF,VOTE VALLIE BROWN FOR SUPERVISOR 2019,1,500,1
REAL ESTATE (NON-PROFIT),IMPACT AFFORDABLE HOUSING,DEAN PRESTON FOR SUPERVISOR 2019,1,500,1
ARCHITECTURE/ENGINEERING,ARCHITECTS LTD,VOTE VALLIE BROWN FOR SUPERVISOR 2019,1,500,1
REAL ESTATE (REALTOR),BEATITUDES REALTY,VOTE VALLIE BROWN FOR SUPERVISOR 2019,1,500,1
CONSULTING (POLITICS),MAGGIE MUIR CONSULTING,VOTE VALLIE BROWN FOR SUPERVISOR 2019,1,500,1
PRIVATE LAW,THE SYNCHRONICS GROUP TRIAL CONSULTANTS,VOTE VALLIE BROWN FOR SUPERVISOR 2019,2,200,1
MEDIA,CBS SPORTS,DEAN PRESTON FOR SUPERVISOR 2019,1,500,1
CONSULTING (POLITICS),SPANBERGER FOR CONGRESS,VOTE VALLIE BROWN FOR SUPERVISOR 2019,1,100,1
PRIVATE LAW,JONES DAY,DEAN PRESTON FOR SUPERVISOR 2019,1,500,1
RETAIL (SMALL BUSINESS),AMOEBA MUSIC,VOTE VALLIE BROWN FOR SUPERVISOR 2019,1,250,1
PRIVATE LAW,ORRICK,VOTE VALLIE BROWN FOR SUPERVISOR 2019,1,500,1
ENTERTAINMENT,METROSOCCERNY,DEAN PRESTON FOR SUPERVISOR 2019,1,500,1
HOSPITALITY,CHIFT HOTEL,VOTE VALLIE BROWN FOR SUPERVISOR 2019,1,500,1
FINANCE,WESTERN UNION DIGITAL,VOTE VALLIE BROWN FOR SUPERVISOR 2019,1,100,1
EDUCATION,SINGULARITY UNIVERSITY,VOTE VALLIE BROWN FOR SUPERVISOR 2019,1,300,1
NON-PROFIT (LAW),COMMUNITY LEGAL SERVICES IN EAST PALO ALTO,DEAN PRESTON FOR SUPERVISOR 2019,1,100,1
REAL ESTATE (REALTOR),CITY REAL ESTATE,VOTE VALLIE BROWN FOR SUPERVISOR 2019,2,500,1
BUILDING TRADES,VERDANT BUILDING,VOTE VALLIE BROWN FOR SUPERVISOR 2019,1,100,1
FOOD SERVICE,PICCINO CAF?,VOTE VALLIE BROWN FOR SUPERVISOR 2019,1,500,1
EDUCATION,LEADERSHIP PUBLIC SCHOOLS,DEAN PRESTON FOR SUPERVISOR 2019,1,500,1
BUILDING TRADES,SARRIS CONSTRUCTION,VOTE VALLIE BROWN FOR SUPERVISOR 2019,1,200,1
GOVERNMENT,CALIFORNIA STATE ASSEMBLY,VOTE VALLIE BROWN FOR SUPERVISOR 2019,1,100,1
FINANCE,HEFFERNAN INSURANCE BROKERS,VOTE VALLIE BROWN FOR SUPERVISOR 2019,1,500,1
HEALTHCARE (PROVIDER),BLUEFISH PEDIATRICS,DEAN PRESTON FOR SUPERVISOR 2019,1,100,1
PRIVATE LAW,BERKO LAW,DEAN PRESTON FOR SUPERVISOR 2019,1,200,1
HEALTHCARE (PROVIDER),SAN FRANCISCO ZEN CENTER,DEAN PRESTON FOR SUPERVISOR 2019,2,200,1
BUILDING TRADES,SWINERTON BUILDERS,VOTE VALLIE BROWN FOR SUPERVISOR 2019,1,500,1
FINANCE,RHS PARTNERS,VOTE VALLIE BROWN FOR SUPERVISOR 2019,1,100,1
REAL ESTATE (DEVELOPER),RHP MANAGEMENT,VOTE VALLIE BROWN FOR SUPERVISOR 2019,1,250,1
MEDIA,MISSION AT TENTH INTERARTS JOURNAL,DEAN PRESTON FOR SUPERVISOR 2019,1,100,1
HEALTHCARE (PROVIDER),FELTON INSTITUTE,VOTE VALLIE BROWN FOR SUPERVISOR 2019,1,500,1
CONSULTING (POLITICS),RDJ ENTERPRISES,VOTE VALLIE BROWN FOR SUPERVISOR 2019,1,250,1
NON-PROFIT (LAW),PUBLIC JUSTICE CENTER,DEAN PRESTON FOR SUPERVISOR 2019,1,100,1
CONSULTING (BUSINESS),VJR CONSULTING,VOTE VALLIE BROWN FOR SUPERVISOR 2019,1,250,1
NON-PROFIT (ADVOCACY),SAN FRANCISCO TENANTS' UNION,DEAN PRESTON FOR SUPERVISOR 2019,1,500,1
TENANT LAW,BV LAW,DEAN PRESTON FOR SUPERVISOR 2019,1,500,1
AIRLINE,DELTA AIRLINES,VOTE VALLIE BROWN FOR SUPERVISOR 2019,2,125,1
GOVERNMENT,OFFICE OF THE FEDERAL PUBLIC DEFENDER,VOTE VALLIE BROWN FOR SUPERVISOR 2019,1,100,1
NON-PROFIT (LAW),BAY AREA LEGAL AID,DEAN PRESTON FOR SUPERVISOR 2019,1,500,1
FINANCE,FIRST REPUBLIC BANK,VOTE VALLIE BROWN FOR SUPERVISOR 2019,1,150,1
PRIVATE LAW,PERETZ AND ASSOCIATES,DEAN PRESTON FOR SUPERVISOR 2019,1,500,1
EDUCATION,THIRD STREET MUSIC SCHOOL,DEAN PRESTON FOR SUPERVISOR 2019,1,100,1
HEALTHCARE (PROVIDER),ATLANTIC MEDICAL GROUP,DEAN PRESTON FOR SUPERVISOR 2019,1,250,1
NA,"NA",VOTE VALLIE BROWN FOR SUPERVISOR 2019,1,500,1
TECH,LINKEDIN,DEAN PRESTON FOR SUPERVISOR 2019,1,500,1
GOVERNMENT,NEW YORK CITY DEPARTMENT OF EDUCATION,DEAN PRESTON FOR SUPERVISOR 2019,1,200,1
TECH,DIRECT COMMERCE,VOTE VALLIE BROWN FOR SUPERVISOR 2019,1,500,1
NON-PROFIT (ADVOCACY),CENTER FOR BIOLOGICAL DIVERSITY,DEAN PRESTON FOR SUPERVISOR 2019,1,500,1
MANUFACTURING,THE AZEK COMPANY,DEAN PRESTON FOR SUPERVISOR 2019,1,500,1
BIOTECH,GREEN CHEMISTRY CLEARINGHOUSE,DEAN PRESTON FOR SUPERVISOR 2019,3,500,1
NON-PROFIT (COMMUNITY),THE VILLAGE PROJECT,VOTE VALLIE BROWN FOR SUPERVISOR 2019,2,200,1
OTHER SERVICES,MCAVOY O'HARA EVERGREEN MORTUARY,DEAN PRESTON FOR SUPERVISOR 2019,1,500,1
NON-PROFIT (COMMUNITY),TENDERLOIN HOUSING CLINIC,DEAN PRESTON FOR SUPERVISOR 2019,1,100,1
REAL ESTATE (LANDLORD),MURPHY INVESMENTS,VOTE VALLIE BROWN FOR SUPERVISOR 2019,1,500,1
PRIVATE LAW,LAW OFFICE OF PAHOUA C. LOR,DEAN PRESTON FOR SUPERVISOR 2019,1,500,1
TECH,TWITCH INTERACTIVE,DEAN PRESTON FOR SUPERVISOR 2019,1,500,1
CONSULTING (BUSINESS),FIREBRAND COMMUNICATIONS,VOTE VALLIE BROWN FOR SUPERVISOR 2019,2,350,1
OTHER SERVICES,STUDIO SOOTHE,DEAN PRESTON FOR SUPERVISOR 2019,1,500,1
EDUCATION,ST. IGNATIUS,DEAN PRESTON FOR SUPERVISOR 2019,1,100,1
GOVERNMENT,US SMALL BUSINESS ADMINISTRATION,DEAN PRESTON FOR SUPERVISOR 2019,2,500,1
HEALTHCARE (PROVIDER),BODY DAO ACUPUNCTURE,DEAN PRESTON FOR SUPERVISOR 2019,2,300,1
MEDIA,WESTSIDE OBSERVER,DEAN PRESTON FOR SUPERVISOR 2019,3,300,1
TECH,RIVIERA PARTNERS,DEAN PRESTON FOR SUPERVISOR 2019,1,500,1
CONSULTING (POLITICS),INSTITUTE FOR POLICY STUDIES,DEAN PRESTON FOR SUPERVISOR 2019,1,250,1
CONSULTING (BUSINESS),GAINES CONSULTING,VOTE VALLIE BROWN FOR SUPERVISOR 2019,1,250,1
NON-PROFIT (COMMUNITY),CASTRO MERCHANTS,VOTE VALLIE BROWN FOR SUPERVISOR 2019,1,100,1
NON-PROFIT (COMMUNITY),BUCHANAN YMCA,VOTE VALLIE BROWN FOR SUPERVISOR 2019,2,200,1
RETAIL (SMALL BUSINESS),SAN FRANCISCO MERCANTILE,DEAN PRESTON FOR SUPERVISOR 2019,1,200,1
PRIVATE LAW,LAW OFFICES OF NANCY M. CONWAY,DEAN PRESTON FOR SUPERVISOR 2019,1,250,1
PRIVATE LAW,RANDALL GARY KNOX,VOTE VALLIE BROWN FOR SUPERVISOR 2019,1,100,1
REAL ESTATE (DEVELOPER),ONE VASSAR,VOTE VALLIE BROWN FOR SUPERVISOR 2019,1,250,1
TECH,CREDIT KARMA,DEAN PRESTON FOR SUPERVISOR 2019,1,250,1
TECH,TWILIO,VOTE VALLIE BROWN FOR SUPERVISOR 2019,2,300,1
TECH,JUNIPER NETWORKS,VOTE VALLIE BROWN FOR SUPERVISOR 2019,2,350,1
TELECOMMUNICATIONS,BONNER COMMUNICATIONS,VOTE VALLIE BROWN FOR SUPERVISOR 2019,1,100,1
REAL ESTATE (DEVELOPER),URBAN LAND DECELOPMENT,VOTE VALLIE BROWN FOR SUPERVISOR 2019,1,500,1
NON-PROFIT (COMMUNITY),JAPANESE COMMUNITY YOUTH COUNCIL,VOTE VALLIE BROWN FOR SUPERVISOR 2019,1,100,1
ARCHITECTURE/ENGINEERING,OPENSCOPE STUDIO,VOTE VALLIE BROWN FOR SUPERVISOR 2019,1,250,1
NON-PROFIT (COMMUNITY),JEWISH VOCATIONAL SERVICE,DEAN PRESTON FOR SUPERVISOR 2019,2,250,1
NON-PROFIT (ADVOCACY),CALIFORNIA HEALTH CARE FOUNDATION,VOTE VALLIE BROWN FOR SUPERVISOR 2019,1,100,1
TECH,IBM,DEAN PRESTON FOR SUPERVISOR 2019,3,127,1
NON-PROFIT (ADVOCACY),AMERICAN CIVIL LIBERTIES UNION,DEAN PRESTON FOR SUPERVISOR 2019,1,500,1
NON-PROFIT (COMMUNITY),KQED,VOTE VALLIE BROWN FOR SUPERVISOR 2019,1,100,1
NON-PROFIT (COMMUNITY),THE DREAMCORPS,DEAN PRESTON FOR SUPERVISOR 2019,1,500,1
REAL ESTATE (NON-PROFIT),SAN FRANCISCO COMMUNITY LAND TRUST,VOTE VALLIE BROWN FOR SUPERVISOR 2019,2,200,1
REAL ESTATE (NON-PROFIT),SAN FRANCISCO COMMUNITY LAND TRUST,DEAN PRESTON FOR SUPERVISOR 2019,1,100,1
HEALTHCARE (PROVIDER),HONOR,VOTE VALLIE BROWN FOR SUPERVISOR 2019,1,500,1
HEALTHCARE (PROVIDER),DAVID W. COCHRAN GENERAL DENISTRY,DEAN PRESTON FOR SUPERVISOR 2019,2,500,1
TECH,BLEND,DEAN PRESTON FOR SUPERVISOR 2019,6,120,1
ARCHITECTURE/ENGINEERING,ED2 INTERNATIONAL,VOTE VALLIE BROWN FOR SUPERVISOR 2019,1,500,1
TECH,REDDIT,VOTE VALLIE BROWN FOR SUPERVISOR 2019,1,250,1
CONSULTING (POLITICS),COUNTABLE,DEAN PRESTON FOR SUPERVISOR 2019,1,100,1
TECH,BIGBAD ESPORTS,DEAN PRESTON FOR SUPERVISOR 2019,1,250,1
NA,U.S.-JAPAN COUNCIL,VOTE VALLIE BROWN FOR SUPERVISOR 2019,2,0,1
PRIVATE LAW,ROBERT J WAYNE PROFESSIONAL SERVICE CORPORATION,DEAN PRESTON FOR SUPERVISOR 2019,1,100,1
EDUCATION,UNIVERSITY OF CALIFORNIA AT DAVIS,DEAN PRESTON FOR SUPERVISOR 2019,1,500,1
CANNABIS,GRASS ROOTS COLLECTIVE,VOTE VALLIE BROWN FOR SUPERVISOR 2019,1,500,1
CANNABIS,GRASS ROOTS COLLECTIVE,DEAN PRESTON FOR SUPERVISOR 2019,1,500,1
RETAIL (SMALL BUSINESS),DISTRACTIONS ON HAIGHT,VOTE VALLIE BROWN FOR SUPERVISOR 2019,1,250,1
REAL ESTATE (REALTOR),COLDWELL BANKER,VOTE VALLIE BROWN FOR SUPERVISOR 2019,1,500,1
HEALTHCARE (PROVIDER),VITAL NUTRITION SERVICES,VOTE VALLIE BROWN FOR SUPERVISOR 2019,1,500,1
OTHER SERVICES,PETERPAN AUTO,VOTE VALLIE BROWN FOR SUPERVISOR 2019,1,100,1
HEALTHCARE (PROVIDER),SUTTER HEALTH/CPMC,VOTE VALLIE BROWN FOR SUPERVISOR 2019,1,250,1
NON-PROFIT (COMMUNITY),JAPANESE CULTURAL CENTER,VOTE VALLIE BROWN FOR SUPERVISOR 2019,1,200,1
NON-PROFIT (COMMUNITY),JAPANESE CULTURAL CENTER,DEAN PRESTON FOR SUPERVISOR 2019,1,500,1
TECH,SKILLZ,DEAN PRESTON FOR SUPERVISOR 2019,1,500,1
HEALTHCARE (PROVIDER),MOUNT SINAI HEALTH SYSTEM,DEAN PRESTON FOR SUPERVISOR 2019,1,500,1
TECH,WAYMO,VOTE VALLIE BROWN FOR SUPERVISOR 2019,1,500,1
TECH,ADOBE,VOTE VALLIE BROWN FOR SUPERVISOR 2019,1,100,1
UNION,SEIU LOCAL 1021,DEAN PRESTON FOR SUPERVISOR 2019,2,100,1
ENERGY,SUNPOWER,DEAN PRESTON FOR SUPERVISOR 2019,2,100,1
FINANCE,ACACIA CAPITAL CORP,VOTE VALLIE BROWN FOR SUPERVISOR 2019,1,500,1
GOVERNMENT,PORT OF SAN FRANCISCO,VOTE VALLIE BROWN FOR SUPERVISOR 2019,1,100,1
ARCHITECTURE/ENGINEERING,FASTNET ENGINEERING,VOTE VALLIE BROWN FOR SUPERVISOR 2019,1,500,1
FINANCE,WELLS FARGO BANK,DEAN PRESTON FOR SUPERVISOR 2019,2,100,1
REAL ESTATE (REALTOR),ZEPHYR REAL ESTATE,DEAN PRESTON FOR SUPERVISOR 2019,1,200,1
REAL ESTATE (REALTOR),ZEPHYR REAL ESTATE,VOTE VALLIE BROWN FOR SUPERVISOR 2019,1,100,1
NON-PROFIT (COMMUNITY),NIHONMACHI LITTLE FRIENDS,VOTE VALLIE BROWN FOR SUPERVISOR 2019,2,270,1
HEALTHCARE (PROVIDER),YOGA MAYU,DEAN PRESTON FOR SUPERVISOR 2019,2,100,1
NON-PROFIT (ADVOCACY),PUBLIC EMPLOYEES FOR ENVIRONMENTAL RESPONSIBILITY,DEAN PRESTON FOR SUPERVISOR 2019,1,500,1
PRIVATE LAW,DAN KRAMER LAW GROUP,VOTE VALLIE BROWN FOR SUPERVISOR 2019,1,500,1
NA,CARYL ITO,VOTE VALLIE BROWN FOR SUPERVISOR 2019,1,500,1
FOOD SERVICE,STANDARD DEVIANT BREWING,VOTE VALLIE BROWN FOR SUPERVISOR 2019,1,100,1
TECH,WEST PORTAL SOFTWARE CORP,DEAN PRESTON FOR SUPERVISOR 2019,1,100,1
OTHER SERVICES,GP TOURS,DEAN PRESTON FOR SUPERVISOR 2019,3,150,1
UNION,INTERNATIONAL LONGSHORE AND WAREHOUSE UNION,DEAN PRESTON FOR SUPERVISOR 2019,3,500,1
CONSULTING (POLITICS),NBS - LOCAL GOVERNMENT CONSULTANTS,VOTE VALLIE BROWN FOR SUPERVISOR 2019,1,100,1
CONSULTING (DESIGN/ENGINEERING),CHRISTOPHER DUDERSTADT MACHINE DESIGN,VOTE VALLIE BROWN FOR SUPERVISOR 2019,1,450,1
NON-PROFIT (COMMUNITY),YERBA BUENA CENTER FOR THE ARTS,VOTE VALLIE BROWN FOR SUPERVISOR 2019,1,250,1
FINANCE,HELIUM VENTURES,VOTE VALLIE BROWN FOR SUPERVISOR 2019,1,100,1
EDUCATION,PACIFIC PRIMARY,DEAN PRESTON FOR SUPERVISOR 2019,2,150,1
BIOTECH,GLADSTONE INSTITUTES,DEAN PRESTON FOR SUPERVISOR 2019,1,100,1
TECH,CRUISE AUTOMATION,DEAN PRESTON FOR SUPERVISOR 2019,1,500,1
FINANCE,BANK OF SAN FRANCISCO,VOTE VALLIE BROWN FOR SUPERVISOR 2019,1,500,1
REAL ESTATE (OTHER),FANNIE MAE,DEAN PRESTON FOR SUPERVISOR 2019,1,500,1
ENTERTAINMENT,SPIN,VOTE VALLIE BROWN FOR SUPERVISOR 2019,1,500,1
HEALTHCARE (PROVIDER),SAN FRANCISCO GENERAL HOSPITAL,DEAN PRESTON FOR SUPERVISOR 2019,1,500,1
PRIVATE LAW,LAW OFFICE OF RICHARD J. VAZNAUGH,DEAN PRESTON FOR SUPERVISOR 2019,1,150,1
NA,COQUETTE,DEAN PRESTON FOR SUPERVISOR 2019,1,500,1
FINANCE,THE PRITZKER ORGANIZATION,DEAN PRESTON FOR SUPERVISOR 2019,1,500,1
ARCHITECTURE/ENGINEERING,HARVEY HACKER ARCHITECTS,DEAN PRESTON FOR SUPERVISOR 2019,1,100,1
CANNABIS,SPARC,VOTE VALLIE BROWN FOR SUPERVISOR 2019,1,250,1
NON-PROFIT (COMMUNITY),CALIFORNIA REINVESTMENT COALITION,DEAN PRESTON FOR SUPERVISOR 2019,1,100,1
GOVERNMENT,COUNTY OF ALAMEDA,DEAN PRESTON FOR SUPERVISOR 2019,1,250,1
FOOD SERVICE,PACIFIC GOURMET,DEAN PRESTON FOR SUPERVISOR 2019,1,500,1
OTHER SERVICES,DASHING DELIVERY,DEAN PRESTON FOR SUPERVISOR 2019,1,100,1
HOSPITALITY,HOTEL TOMO,VOTE VALLIE BROWN FOR SUPERVISOR 2019,1,200,1
GOVERNMENT,BICYCLE COMMUTER SERVICES,VOTE VALLIE BROWN FOR SUPERVISOR 2019,1,100,1
BUILDING TRADES,RAINBOW WATERPROOFING AND RESTORATION CO,VOTE VALLIE BROWN FOR SUPERVISOR 2019,1,500,1
OTHER SERVICES,MENDOCINO MICROCOMPUTERS,DEAN PRESTON FOR SUPERVISOR 2019,1,500,1
PRIVATE LAW,SHEPPARD MULLIN,VOTE VALLIE BROWN FOR SUPERVISOR 2019,1,500,1
EDUCATION,MONTESSORI CHILDREN'S CENTER,DEAN PRESTON FOR SUPERVISOR 2019,1,150,1
CONSULTING (POLITICS),STEVE KAWA STRATEGIC ADVISING,VOTE VALLIE BROWN FOR SUPERVISOR 2019,1,500,1
EDUCATION,KELLENBERG MEMORIAL HIGH SCHOOL,DEAN PRESTON FOR SUPERVISOR 2019,1,500,1
ARCHITECTURE/ENGINEERING,HANDEL ARCHITECTS,VOTE VALLIE BROWN FOR SUPERVISOR 2019,1,100,1
NON-PROFIT (COMMUNITY),EPISCOPAL COMMUNITY SERVICES,DEAN PRESTON FOR SUPERVISOR 2019,2,200,1
HEALTHCARE (PROVIDER),MAD RIVER COMMUNITY HOSPITAL,DEAN PRESTON FOR SUPERVISOR 2019,1,500,1
HEALTHCARE (PROVIDER),NORTH EAST MEDICAL SERVICES,VOTE VALLIE BROWN FOR SUPERVISOR 2019,2,200,1
NON-PROFIT (COMMUNITY),CHINATOWN DEVELOPMENT CENTER,DEAN PRESTON FOR SUPERVISOR 2019,2,200,1
EDUCATION,KIDS CONNECTION ELEMENTARY,VOTE VALLIE BROWN FOR SUPERVISOR 2019,1,100,1
ARCHITECTURE/ENGINEERING,TS STUDIO,VOTE VALLIE BROWN FOR SUPERVISOR 2019,2,150,1
NA,FRANCHISE OPERATIONS DIRECTOR,VOTE VALLIE BROWN FOR SUPERVISOR 2019,1,100,1
NA,BURTON ZARTEL BINZEL + MILLER,VOTE VALLIE BROWN FOR SUPERVISOR 2019,1,100,1
NA,FIVUT VOICE,VOTE VALLIE BROWN FOR SUPERVISOR 2019,1,100,1
EDUCATION,MICHIGAN STATE UNIVERSITY,DEAN PRESTON FOR SUPERVISOR 2019,1,100,1
FINANCE,LENDFRIEND,DEAN PRESTON FOR SUPERVISOR 2019,1,150,1
NON-PROFIT (COMMUNITY),HOUSING RIGHTS COMMITTEE OF SAN FRANCISCO,DEAN PRESTON FOR SUPERVISOR 2019,1,100,1
TECH,ZETA GLOBAL,DEAN PRESTON FOR SUPERVISOR 2019,1,100,1
FINANCE,ALAMEDA COUNTY COMMUNITY FOOD BANK,DEAN PRESTON FOR SUPERVISOR 2019,1,100,1
ARCHITECTURE/ENGINEERING,SCHAUB LY ARCHITECTS,VOTE VALLIE BROWN FOR SUPERVISOR 2019,1,500,1
HEALTHCARE (PROVIDER),LIVEWEU MEDICAL CLINIC,VOTE VALLIE BROWN FOR SUPERVISOR 2019,1,150,1
EDUCATION,DIABLO VALLEY COLLEGE,DEAN PRESTON FOR SUPERVISOR 2019,1,100,1
PRIVATE LAW,BALDERAMA LAW FIRM,DEAN PRESTON FOR SUPERVISOR 2019,1,500,1
CONSULTING (BUSINESS),IRIS STATISTICAL COMPUTING,DEAN PRESTON FOR SUPERVISOR 2019,1,100,1
CONSULTING (DESIGN/ENGINEERING),GEOSYNTEC CONSULTANTS,DEAN PRESTON FOR SUPERVISOR 2019,1,100,1
GOVERNMENT,CITY OF BELLEVUE,DEAN PRESTON FOR SUPERVISOR 2019,1,200,1
CONSULTING (POLITICS),LAURIE JONES NEIGHBORS CONSULTING,DEAN PRESTON FOR SUPERVISOR 2019,2,350,1
CONSULTING (BUSINESS),MARMON BIOSTATISTICS,DEAN PRESTON FOR SUPERVISOR 2019,1,500,1
HEALTHCARE (PROVIDER),GRATEFUL HEART HOLISTIC THERAPY CENTER,DEAN PRESTON FOR SUPERVISOR 2019,1,500,1
NON-PROFIT (COMMUNITY),WALK SAN FRANCISCO,DEAN PRESTON FOR SUPERVISOR 2019,2,100,1
TELECOMMUNICATIONS,EXPETO WIRELESS,DEAN PRESTON FOR SUPERVISOR 2019,2,200,1
CONSULTING (BUSINESS),AXIOM DEVELOPMENT CORPORATION,VOTE VALLIE BROWN FOR SUPERVISOR 2019,1,500,1
TECH,EVERNOTE,VOTE VALLIE BROWN FOR SUPERVISOR 2019,1,100,1
FOOD SERVICE,THE CAVALIER SF,VOTE VALLIE BROWN FOR SUPERVISOR 2019,1,500,1
UNION,NATIONAL UNION OF HEALTHCARE WORKERS,DEAN PRESTON FOR SUPERVISOR 2019,1,100,1
REAL ESTATE (DEVELOPER),THE BANNER DEVELOPMENT COMPANY,VOTE VALLIE BROWN FOR SUPERVISOR 2019,1,500,1
TECH,DOUBLE CROWN GAMING CO.,DEAN PRESTON FOR SUPERVISOR 2019,1,500,1
MANUFACTURING,TCM AMERICA CORP,VOTE VALLIE BROWN FOR SUPERVISOR 2019,1,250,1
MEDIA,FUTURE WORLD PICTURES,VOTE VALLIE BROWN FOR SUPERVISOR 2019,1,250,1
REAL ESTATE (INVESTMENT),DDG PARTNERS,VOTE VALLIE BROWN FOR SUPERVISOR 2019,1,250,1
MEDIA,BERNAL BEACH FILMS,DEAN PRESTON FOR SUPERVISOR 2019,1,500,1
HEALTHCARE (PROVIDER),ASIAN HEALTH SERVICES,VOTE VALLIE BROWN FOR SUPERVISOR 2019,1,100,1
ENTERTAINMENT,UBISOFT ENTERTAINMENT,DEAN PRESTON FOR SUPERVISOR 2019,1,500,1
EDUCATION,STANFORD UNIVERSITY,DEAN PRESTON FOR SUPERVISOR 2019,1,250,1
PRIVATE LAW,LAW OFFICE OF CARL J. WILLIAMS,VOTE VALLIE BROWN FOR SUPERVISOR 2019,2,500,1
TECH,UNION SQUARE BUSINESS IMPROVEMENT DISTRICT,VOTE VALLIE BROWN FOR SUPERVISOR 2019,1,500,1
MEDIA,HOODLINE,DEAN PRESTON FOR SUPERVISOR 2019,1,100,1
TECH,AIRTABLE,DEAN PRESTON FOR SUPERVISOR 2019,1,100,1
EDUCATION,BOOM LEARNING,DEAN PRESTON FOR SUPERVISOR 2019,1,100,1
CONSULTING (BUSINESS),THE HENKLE GROUP,VOTE VALLIE BROWN FOR SUPERVISOR 2019,1,500,1
TECH,FLEETSMITH,DEAN PRESTON FOR SUPERVISOR 2019,1,500,1
HOSPITALITY,NIKKO HOTEL,VOTE VALLIE BROWN FOR SUPERVISOR 2019,1,250,1
TECH,CONTENTFUL,DEAN PRESTON FOR SUPERVISOR 2019,2,350,1
OTHER SERVICES,FOUR LEGGED FITNESS,VOTE VALLIE BROWN FOR SUPERVISOR 2019,1,500,1
CONSULTING (BUSINESS),WILLIAMS LEA,DEAN PRESTON FOR SUPERVISOR 2019,2,300,1
FOOD SERVICE,JIKA JAPANESE RAMEN,VOTE VALLIE BROWN FOR SUPERVISOR 2019,1,500,1
OTHER SERVICES,MARINA SECURITIES SERVICES,VOTE VALLIE BROWN FOR SUPERVISOR 2019,1,500,1
MEDIA,24 EAST,VOTE VALLIE BROWN FOR SUPERVISOR 2019,1,500,1
CONSULTING (BUSINESS),DNA INK,VOTE VALLIE BROWN FOR SUPERVISOR 2019,1,500,1
ENTERTAINMENT,CAT CLUB,VOTE VALLIE BROWN FOR SUPERVISOR 2019,1,250,1
NON-PROFIT (COMMUNITY),COMMUNITY LIVING CAMPAIGN,VOTE VALLIE BROWN FOR SUPERVISOR 2019,1,100,1
TECH,SALESFORCE,DEAN PRESTON FOR SUPERVISOR 2019,1,100,1
TECH,SALESFORCE,VOTE VALLIE BROWN FOR SUPERVISOR 2019,2,350,1
GOVERNMENT,SAN FRANCISCO HOUSING AUTHORITY,VOTE VALLIE BROWN FOR SUPERVISOR 2019,1,100,1
MEDIA,HEATHER ELDER REPRESENTS,DEAN PRESTON FOR SUPERVISOR 2019,1,100,1
TECH,PROOFPOINT,VOTE VALLIE BROWN FOR SUPERVISOR 2019,2,200,1
FOOD SERVICE,MINI BAR SF,VOTE VALLIE BROWN FOR SUPERVISOR 2019,1,150,1
TECH,AIRBNB,VOTE VALLIE BROWN FOR SUPERVISOR 2019,1,100,1
OTHER SERVICES,THE DAVEY TREE EXPERT COMPANY,DEAN PRESTON FOR SUPERVISOR 2019,1,100,1
CONSULTING (BUSINESS),MILLIMAN,DEAN PRESTON FOR SUPERVISOR 2019,1,100,1
NON-PROFIT (COMMUNITY),SAN FRANCISCO HISTORIC PRESERVATION COMMISSION,VOTE VALLIE BROWN FOR SUPERVISOR 2019,1,100,1
PRIVATE LAW,LAW OFFICE OF MARK R. VERMEULEN,DEAN PRESTON FOR SUPERVISOR 2019,1,200,1
NON-PROFIT (COMMUNITY),CHINATOWN COMMUNITY DEVELOPMENT CENTER,DEAN PRESTON FOR SUPERVISOR 2019,1,100,1
PRIVATE LAW,JOHN BURTON PC,VOTE VALLIE BROWN FOR SUPERVISOR 2019,1,500,1
FINANCE,BERKSHIRE HATHAWAY,DEAN PRESTON FOR SUPERVISOR 2019,1,100,1
REAL ESTATE (REALTOR),REMAX,VOTE VALLIE BROWN FOR SUPERVISOR 2019,1,500,1
GOVERNMENT,SAN FRANCISCO LONG-TERM CARE OMBUDSMAN PROGRAM,VOTE VALLIE BROWN FOR SUPERVISOR 2019,2,500,1
NON-PROFIT (COMMUNITY),NORTHERN CALIFORNIA GRANTMAKERS,DEAN PRESTON FOR SUPERVISOR 2019,1,100,1
FOOD SERVICE,CULINARY MAGIC,DEAN PRESTON FOR SUPERVISOR 2019,1,250,1
FINANCE,SECURITY FINANCIAL MANAGEMENT CORP,VOTE VALLIE BROWN FOR SUPERVISOR 2019,1,250,1
REAL ESTATE (INVESTMENT),SHORENSTEIN,VOTE VALLIE BROWN FOR SUPERVISOR 2019,1,250,1
MANUFACTURING,ALBION POWER CO,VOTE VALLIE BROWN FOR SUPERVISOR 2019,1,500,1
CONSULTING (BUSINESS),BAY AREA COUNCIL,VOTE VALLIE BROWN FOR SUPERVISOR 2019,1,500,1
CONSULTING (MARKETING),ROCKET SCIENCE ASSOCIATES,VOTE VALLIE BROWN FOR SUPERVISOR 2019,1,500,1
GOVERNMENT,CITY OF LOS ANGELES,DEAN PRESTON FOR SUPERVISOR 2019,1,200,1
BUILDING TRADES,BEST MARBLE,VOTE VALLIE BROWN FOR SUPERVISOR 2019,1,250,1
PRIVATE LAW,RENNE PUBLIC LAW GROUP,DEAN PRESTON FOR SUPERVISOR 2019,1,200,1
ARCHITECTURE/ENGINEERING,COFFMAN ENGINEERS,VOTE VALLIE BROWN FOR SUPERVISOR 2019,1,500,1
CONSULTING (DESIGN/ENGINEERING),S. ABRAMOVICH DESIGN,VOTE VALLIE BROWN FOR SUPERVISOR 2019,1,100,1
BUILDING TRADES,PLANT CONSTRUCTION CO LP,VOTE VALLIE BROWN FOR SUPERVISOR 2019,1,500,1
PRIVATE LAW,LAW OFFICES OF MARY CATHERINE WIEDERHOLD,DEAN PRESTON FOR SUPERVISOR 2019,1,100,1
TECH,CENTRIX,VOTE VALLIE BROWN FOR SUPERVISOR 2019,1,500,1
CONSULTING (BUSINESS),SPARROW EDUCATIONAL CONSULTING,DEAN PRESTON FOR SUPERVISOR 2019,1,250,1
NON-PROFIT (COMMUNITY),A HOME WITHIN,DEAN PRESTON FOR SUPERVISOR 2019,1,100,1
EDUCATION,PERALTA COMMUNITY COLLEGE DISTRICT,DEAN PRESTON FOR SUPERVISOR 2019,1,100,1
FINANCE,BISHOP ROCK CAPITAL,DEAN PRESTON FOR SUPERVISOR 2019,1,500,1
HEALTHCARE (PROVIDER),ST FRANCIS HOSPITAL,VOTE VALLIE BROWN FOR SUPERVISOR 2019,1,250,1
MEDIA,THE LAGUNA 500,DEAN PRESTON FOR SUPERVISOR 2019,1,150,1
FOOD SERVICE,SAY CHEESE,VOTE VALLIE BROWN FOR SUPERVISOR 2019,1,500,1
PRIVATE LAW,LANE POWELL PROFESSIONAL CORPORATION,DEAN PRESTON FOR SUPERVISOR 2019,1,100,1
TECH,ASANA,DEAN PRESTON FOR SUPERVISOR 2019,1,100,1
HEALTHCARE (PROVIDER),CHINESE HOSPITAL,VOTE VALLIE BROWN FOR SUPERVISOR 2019,1,250,1
TELECOMMUNICATIONS,MONKEYBRAINS.NET,DEAN PRESTON FOR SUPERVISOR 2019,1,250,1
MANUFACTURING,MODBOT,DEAN PRESTON FOR SUPERVISOR 2019,1,500,1
FOOD SERVICE,OLD SHANGHAI RESTAURANT,VOTE VALLIE BROWN FOR SUPERVISOR 2019,1,500,1
FINANCE,ACRE VENTURE PARTNERS,DEAN PRESTON FOR SUPERVISOR 2019,1,500,1
PRIVATE LAW,LAW OFFICE OF NATHALIE LEZAMA FERRO,DEAN PRESTON FOR SUPERVISOR 2019,1,100,1
GOVERNMENT,SAN FRANCISCO MUNICIPAL TRANSPORTATION AGENCY,VOTE VALLIE BROWN FOR SUPERVISOR 2019,1,200,1
CONSULTING (POLITICS),EMERGE AMERICA,VOTE VALLIE BROWN FOR SUPERVISOR 2019,1,500,1
AGRICULTURE,EMANCIPATION ACRES,DEAN PRESTON FOR SUPERVISOR 2019,1,500,1
FINANCE,UNION BANK,VOTE VALLIE BROWN FOR SUPERVISOR 2019,1,100,1
CONSULTING (DESIGN/ENGINEERING),CUSTOM FURNITURE DESIGN BY THOMAS FETHERSTON,DEAN PRESTON FOR SUPERVISOR 2019,1,100,1
TENANT LAW,LEDA LAW,DEAN PRESTON FOR SUPERVISOR 2019,1,400,1
CONSULTING (BUSINESS),BRATTLE GROUP,DEAN PRESTON FOR SUPERVISOR 2019,1,100,1
EDUCATION,CALIFORNIA SCHOOL BOARD ASSOCIATION,DEAN PRESTON FOR SUPERVISOR 2019,1,200,1
HEALTHCARE (PROVIDER),CHINESE MEDICINE WORKS,DEAN PRESTON FOR SUPERVISOR 2019,1,500,1
BUILDING TRADES,JEFFREY ENG CONSTRUCTION,VOTE VALLIE BROWN FOR SUPERVISOR 2019,1,500,1
ENTERTAINMENT,LIVE NATION,VOTE VALLIE BROWN FOR SUPERVISOR 2019,1,100,1
CONSULTING (POLITICS),CLAUDINE CHENG CONSULTANTS,VOTE VALLIE BROWN FOR SUPERVISOR 2019,1,250,1
NON-PROFIT (COMMUNITY),MISSION NEIGHBORHOOD CENTER,DEAN PRESTON FOR SUPERVISOR 2019,1,100,1
REAL ESTATE (REALTOR),COMPASSIONATE HEALTH OPTIONS,DEAN PRESTON FOR SUPERVISOR 2019,1,100,1
NON-PROFIT (COMMUNITY),SAN FRANCISCO BEAUTIFUL,VOTE VALLIE BROWN FOR SUPERVISOR 2019,2,350,1
GOVERNMENT,THE OUTCAST AGENCY,DEAN PRESTON FOR SUPERVISOR 2019,1,100,1
POLITICS,SAN FRANCISCO RISING,DEAN PRESTON FOR SUPERVISOR 2019,1,150,1
FINANCE,BLOOMBERG,VOTE VALLIE BROWN FOR SUPERVISOR 2019,1,125,1
REAL ESTATE (DEVELOPER),AGI AVANT,VOTE VALLIE BROWN FOR SUPERVISOR 2019,1,500,1
NA,CHU KAY CHEN,VOTE VALLIE BROWN FOR SUPERVISOR 2019,1,250,1
EDUCATION,NORTHWESTERN UNIVERSITY,DEAN PRESTON FOR SUPERVISOR 2019,1,500,1
GOVERNMENT,COUNTY OF SAN MATEO,DEAN PRESTON FOR SUPERVISOR 2019,1,100,1
RELIGION,AMERICAN FRIENDS SERVICES COMMITTEE,DEAN PRESTON FOR SUPERVISOR 2019,1,100,1
REAL ESTATE (REALTOR),THE NUNEMACHER GROUP,VOTE VALLIE BROWN FOR SUPERVISOR 2019,1,500,1
PRIVATE LAW,TREVOR CAUDLE LAW PRACTICE,DEAN PRESTON FOR SUPERVISOR 2019,1,200,1
REAL ESTATE (DEVELOPER),MICHAEL SIMMONS PROPERTY DEVELOPMENT,VOTE VALLIE BROWN FOR SUPERVISOR 2019,1,500,1
OTHER SERVICES,PRUNE BUGGY,DEAN PRESTON FOR SUPERVISOR 2019,1,250,1
PRIVATE LAW,LAW OFFICE OF MATT SULLIVAN,DEAN PRESTON FOR SUPERVISOR 2019,1,100,1
PRIVATE LAW,MAIER LAW GROUP,DEAN PRESTON FOR SUPERVISOR 2019,1,500,1
CONSULTING (BUSINESS),RABIN WORLDWIDE,VOTE VALLIE BROWN FOR SUPERVISOR 2019,1,500,1
CONSULTING (BUSINESS),ANDREA BAKER CONSULTING,VOTE VALLIE BROWN FOR SUPERVISOR 2019,1,500,1
CONSULTING (POLITICS),PJ JOHNSTON,VOTE VALLIE BROWN FOR SUPERVISOR 2019,1,500,1
REAL ESTATE (REALTOR),LAUREL VILLAGE REALTORS,VOTE VALLIE BROWN FOR SUPERVISOR 2019,1,100,1
PRIVATE LAW,LAW OFFICES OF CONOR GRANAHAN,DEAN PRESTON FOR SUPERVISOR 2019,1,100,1
BUILDING TRADES,WEI LI CONSTRUCTION,VOTE VALLIE BROWN FOR SUPERVISOR 2019,1,500,1
REAL ESTATE (INVESTMENT),JONES LANG LASALLE,VOTE VALLIE BROWN FOR SUPERVISOR 2019,1,500,1
NON-PROFIT (LAW),EVICTION DEFENSE CENTER,DEAN PRESTON FOR SUPERVISOR 2019,1,500,1
AGRICULTURE,ELLISTON VINYARDS,VOTE VALLIE BROWN FOR SUPERVISOR 2019,1,500,1
FOOD SERVICE,THE STUD,DEAN PRESTON FOR SUPERVISOR 2019,1,500,1
MEDIA,CBS,VOTE VALLIE BROWN FOR SUPERVISOR 2019,1,250,1
GOVERNMENT,GOLDEN GATE BRIDGE HIGHWAY AND TRANSPORTATION DISTRICT,VOTE VALLIE BROWN FOR SUPERVISOR 2019,1,100,1
NA,BEATRICE RICHARDSON,VOTE VALLIE BROWN FOR SUPERVISOR 2019,1,100,1
PRIVATE LAW,SALINAS LAW GROUP,DEAN PRESTON FOR SUPERVISOR 2019,1,100,1
OTHER SERVICES,KAY TANEYHILL PHOTOGRAPHY,DEAN PRESTON FOR SUPERVISOR 2019,1,100,1
REAL ESTATE (INVESTMENT),ERIC SCHLEELEIN REAL ESTATE,VOTE VALLIE BROWN FOR SUPERVISOR 2019,1,100,1
REAL ESTATE (INVESTMENT),EASTDIL SECURED,VOTE VALLIE BROWN FOR SUPERVISOR 2019,1,500,1
REAL ESTATE (LANDLORD),MAKRAS REAL ESTATE,VOTE VALLIE BROWN FOR SUPERVISOR 2019,1,500,1
GOVERNMENT,EAST BAY MUNICIPAL UTILITY DISTRICT,DEAN PRESTON FOR SUPERVISOR 2019,1,150,1
HEALTHCARE (INSURANCE),DELTA DENTAL,DEAN PRESTON FOR SUPERVISOR 2019,1,100,1
REAL ESTATE (LANDLORD),STEELE PROPERTIES,VOTE VALLIE BROWN FOR SUPERVISOR 2019,1,500,1
TECH,PLANGRID,DEAN PRESTON FOR SUPERVISOR 2019,1,500,1
CANNABIS,GRASS ROOTS,DEAN PRESTON FOR SUPERVISOR 2019,1,500,1
CONSULTING (BUSINESS),HIGGINS STRATEGY,VOTE VALLIE BROWN FOR SUPERVISOR 2019,2,200,1
REAL ESTATE (REALTOR),LENA EMMERY REAL ESTATE BROKER,VOTE VALLIE BROWN FOR SUPERVISOR 2019,2,500,1
ENERGY,ENERGY EXPERTS INTERNATIONAL,VOTE VALLIE BROWN FOR SUPERVISOR 2019,3,500,1
TECH,STRIPE,VOTE VALLIE BROWN FOR SUPERVISOR 2019,1,100,1
TECH,STRIPE,DEAN PRESTON FOR SUPERVISOR 2019,3,400,1
NON-PROFIT (COMMUNITY),PUBLIC INTEREST LAW PROJECT,DEAN PRESTON FOR SUPERVISOR 2019,2,200,1
