filer_name,industry_name,zipcode,total_donation_amount,total_donors
VOTE VALLIE BROWN FOR SUPERVISOR 2019,UNEMPLOYED,94109,600,2
VOTE VALLIE BROWN FOR SUPERVISOR 2019,GOVERNMENT,94109,200,2
VOTE VALLIE BROWN FOR SUPERVISOR 2019,PRIVATE LAW,94121,800,2
VOTE VALLIE BROWN FOR SUPERVISOR 2019,BUILDING TRADES,94401,500,1
VOTE VALLIE BROWN FOR SUPERVISOR 2019,GOVERNMENT,94112,1300,7
VOTE VALLIE BROWN FOR SUPERVISOR 2019,CONSULTING (MARKETING),78231,500,1
VOTE VALLIE BROWN FOR SUPERVISOR 2019,HEALTHCARE (PROVIDER),94122,1200,3
VOTE VALLIE BROWN FOR SUPERVISOR 2019,TECH,94114,1450,5
VOTE VALLIE BROWN FOR SUPERVISOR 2019,CONSULTING (BUSINESS),94114,500,1
VOTE VALLIE BROWN FOR SUPERVISOR 2019,ARCHITECTURE/ENGINEERING,94123,100,1
VOTE VALLIE BROWN FOR SUPERVISOR 2019,FINANCE,94121,500,1
VOTE VALLIE BROWN FOR SUPERVISOR 2019,BUILDING TRADES,94124,500,1
VOTE VALLIE BROWN FOR SUPERVISOR 2019,UNEMPLOYED,94102,900,5
VOTE VALLIE BROWN FOR SUPERVISOR 2019,FOOD SERVICE,94122,600,2
VOTE VALLIE BROWN FOR SUPERVISOR 2019,CONSULTING (MARKETING),94403,250,1
VOTE VALLIE BROWN FOR SUPERVISOR 2019,FOOD SERVICE,94118,500,1
VOTE VALLIE BROWN FOR SUPERVISOR 2019,NON-PROFIT (COMMUNITY),94115,2300,8
VOTE VALLIE BROWN FOR SUPERVISOR 2019,REAL ESTATE (INVESTMENT),94127,250,1
VOTE VALLIE BROWN FOR SUPERVISOR 2019,TECH,94102,450,3
VOTE VALLIE BROWN FOR SUPERVISOR 2019,GOVERNMENT,94132,300,2
VOTE VALLIE BROWN FOR SUPERVISOR 2019,PRIVATE LAW,94117,3150,10
VOTE VALLIE BROWN FOR SUPERVISOR 2019,GOVERNMENT,94116,1450,4
VOTE VALLIE BROWN FOR SUPERVISOR 2019,REAL ESTATE (LANDLORD),94114,500,1
VOTE VALLIE BROWN FOR SUPERVISOR 2019,TECH,94117,2450,8
VOTE VALLIE BROWN FOR SUPERVISOR 2019,HEALTHCARE (OTHER),94611,500,1
VOTE VALLIE BROWN FOR SUPERVISOR 2019,PRIVATE LAW,94111,750,2
VOTE VALLIE BROWN FOR SUPERVISOR 2019,GOVERNMENT,94110,450,3
VOTE VALLIE BROWN FOR SUPERVISOR 2019,REAL ESTATE (LANDLORD),90210,500,1
VOTE VALLIE BROWN FOR SUPERVISOR 2019,REAL ESTATE (INVESTMENT),90210,1500,3
VOTE VALLIE BROWN FOR SUPERVISOR 2019,NA,94580,500,1
VOTE VALLIE BROWN FOR SUPERVISOR 2019,OTHER SERVICES,94703,300,1
VOTE VALLIE BROWN FOR SUPERVISOR 2019,REAL ESTATE (DEVELOPER),94127,500,1
VOTE VALLIE BROWN FOR SUPERVISOR 2019,HOMEMAKER,94577,100,1
VOTE VALLIE BROWN FOR SUPERVISOR 2019,REAL ESTATE (DEVELOPER),94115,500,1
VOTE VALLIE BROWN FOR SUPERVISOR 2019,CONSULTING (BUSINESS),94121,175,1
VOTE VALLIE BROWN FOR SUPERVISOR 2019,GOVERNMENT,94117,1700,5
VOTE VALLIE BROWN FOR SUPERVISOR 2019,CONSULTING (POLITICS),94110,350,1
VOTE VALLIE BROWN FOR SUPERVISOR 2019,FOOD SERVICE,94134,500,1
VOTE VALLIE BROWN FOR SUPERVISOR 2019,REAL ESTATE (OTHER),94122,750,2
VOTE VALLIE BROWN FOR SUPERVISOR 2019,CONSULTING (BUSINESS),94123,500,1
VOTE VALLIE BROWN FOR SUPERVISOR 2019,MEDIA,94115,600,2
VOTE VALLIE BROWN FOR SUPERVISOR 2019,EDUCATION,94117,1000,4
VOTE VALLIE BROWN FOR SUPERVISOR 2019,UNEMPLOYED,94117,5360,19
VOTE VALLIE BROWN FOR SUPERVISOR 2019,BUILDING TRADES,94103,500,1
VOTE VALLIE BROWN FOR SUPERVISOR 2019,CONSULTING (POLITICS),94116,1000,2
VOTE VALLIE BROWN FOR SUPERVISOR 2019,REAL ESTATE (DEVELOPER),94070,500,1
VOTE VALLIE BROWN FOR SUPERVISOR 2019,NA,94104,500,1
VOTE VALLIE BROWN FOR SUPERVISOR 2019,HEALTHCARE (PROVIDER),94117,1600,5
VOTE VALLIE BROWN FOR SUPERVISOR 2019,CONSULTING (DESIGN/ENGINEERING),94115,100,1
VOTE VALLIE BROWN FOR SUPERVISOR 2019,REAL ESTATE (REALTOR),94117,2000,4
VOTE VALLIE BROWN FOR SUPERVISOR 2019,MANUFACTURING,94080,500,1
VOTE VALLIE BROWN FOR SUPERVISOR 2019,ARCHITECTURE/ENGINEERING,94117,1100,4
VOTE VALLIE BROWN FOR SUPERVISOR 2019,CONSULTING (BUSINESS),94523,500,1
VOTE VALLIE BROWN FOR SUPERVISOR 2019,GOVERNMENT,94706,150,1
VOTE VALLIE BROWN FOR SUPERVISOR 2019,REAL ESTATE (REALTOR),94015,500,1
VOTE VALLIE BROWN FOR SUPERVISOR 2019,TECH,94110,1200,3
VOTE VALLIE BROWN FOR SUPERVISOR 2019,HEALTHCARE (PROVIDER),94127,250,1
VOTE VALLIE BROWN FOR SUPERVISOR 2019,ARCHITECTURE/ENGINEERING,94121,1000,2
VOTE VALLIE BROWN FOR SUPERVISOR 2019,CONSULTING (MARKETING),94109,500,1
VOTE VALLIE BROWN FOR SUPERVISOR 2019,POLICE,94116,500,1
VOTE VALLIE BROWN FOR SUPERVISOR 2019,GOVERNMENT,94122,1200,4
VOTE VALLIE BROWN FOR SUPERVISOR 2019,REAL ESTATE (INVESTMENT),94549,250,1
VOTE VALLIE BROWN FOR SUPERVISOR 2019,NON-PROFIT (COMMUNITY),94123,350,1
VOTE VALLIE BROWN FOR SUPERVISOR 2019,PRIVATE LAW,94102,1000,2
VOTE VALLIE BROWN FOR SUPERVISOR 2019,PRIVATE LAW,94110,350,1
VOTE VALLIE BROWN FOR SUPERVISOR 2019,NON-PROFIT (COMMUNITY),94110,100,1
VOTE VALLIE BROWN FOR SUPERVISOR 2019,TECH,94115,2450,6
VOTE VALLIE BROWN FOR SUPERVISOR 2019,FINANCE,94118,1125,3
VOTE VALLIE BROWN FOR SUPERVISOR 2019,REAL ESTATE (INVESTMENT),94111,1000,2
VOTE VALLIE BROWN FOR SUPERVISOR 2019,CONSULTING (POLITICS),94121,500,1
VOTE VALLIE BROWN FOR SUPERVISOR 2019,PRIVATE LAW,94010,1000,2
VOTE VALLIE BROWN FOR SUPERVISOR 2019,UNEMPLOYED,94133,500,1
VOTE VALLIE BROWN FOR SUPERVISOR 2019,NON-PROFIT (OTHER),94117,500,1
VOTE VALLIE BROWN FOR SUPERVISOR 2019,ARCHITECTURE/ENGINEERING,94904,500,1
VOTE VALLIE BROWN FOR SUPERVISOR 2019,BUILDING TRADES,94116,500,1
VOTE VALLIE BROWN FOR SUPERVISOR 2019,GOVERNMENT,94131,300,2
VOTE VALLIE BROWN FOR SUPERVISOR 2019,HEALTHCARE (PROVIDER),94010,250,1
VOTE VALLIE BROWN FOR SUPERVISOR 2019,CONSULTING (DESIGN/ENGINEERING),94117,800,3
VOTE VALLIE BROWN FOR SUPERVISOR 2019,CONSULTING (POLITICS),94129,500,1
VOTE VALLIE BROWN FOR SUPERVISOR 2019,REAL ESTATE (OTHER),95138,500,1
VOTE VALLIE BROWN FOR SUPERVISOR 2019,REAL ESTATE (REALTOR),94118,600,2
VOTE VALLIE BROWN FOR SUPERVISOR 2019,BUILDING TRADES,94403,250,1
VOTE VALLIE BROWN FOR SUPERVISOR 2019,UNEMPLOYED,94132,600,2
VOTE VALLIE BROWN FOR SUPERVISOR 2019,GOVERNMENT,94530,300,1
VOTE VALLIE BROWN FOR SUPERVISOR 2019,ENTERTAINMENT,94117,500,1
VOTE VALLIE BROWN FOR SUPERVISOR 2019,REAL ESTATE (OTHER),94114,600,2
VOTE VALLIE BROWN FOR SUPERVISOR 2019,OTHER SERVICES,94117,1000,2
VOTE VALLIE BROWN FOR SUPERVISOR 2019,REAL ESTATE (DEVELOPER),94102,500,1
VOTE VALLIE BROWN FOR SUPERVISOR 2019,REAL ESTATE (DEVELOPER),94104,1000,2
VOTE VALLIE BROWN FOR SUPERVISOR 2019,TECH,94118,500,1
VOTE VALLIE BROWN FOR SUPERVISOR 2019,MANUFACTURING,94501,500,1
VOTE VALLIE BROWN FOR SUPERVISOR 2019,GOVERNMENT,94102,1000,5
VOTE VALLIE BROWN FOR SUPERVISOR 2019,NA,94115,0,1
VOTE VALLIE BROWN FOR SUPERVISOR 2019,AGRICULTURE,94065,500,1
VOTE VALLIE BROWN FOR SUPERVISOR 2019,CANNABIS,94110,1000,2
VOTE VALLIE BROWN FOR SUPERVISOR 2019,CONSULTING (MARKETING),94115,500,1
VOTE VALLIE BROWN FOR SUPERVISOR 2019,REAL ESTATE (OTHER),94904,500,1
VOTE VALLIE BROWN FOR SUPERVISOR 2019,CONSULTING (BUSINESS),94109,850,3
VOTE VALLIE BROWN FOR SUPERVISOR 2019,CONSULTING (BUSINESS),94115,1325,4
VOTE VALLIE BROWN FOR SUPERVISOR 2019,FOOD SERVICE,94103,150,1
VOTE VALLIE BROWN FOR SUPERVISOR 2019,FOOD SERVICE,94117,1250,3
VOTE VALLIE BROWN FOR SUPERVISOR 2019,RETAIL (LARGE),94065,500,1
VOTE VALLIE BROWN FOR SUPERVISOR 2019,CONSULTING (BUSINESS),94065,500,1
VOTE VALLIE BROWN FOR SUPERVISOR 2019,BUILDING TRADES,94030,500,1
VOTE VALLIE BROWN FOR SUPERVISOR 2019,FOOD SERVICE,94108,500,2
VOTE VALLIE BROWN FOR SUPERVISOR 2019,EDUCATION,94114,250,1
VOTE VALLIE BROWN FOR SUPERVISOR 2019,REAL ESTATE (OTHER),94115,500,1
VOTE VALLIE BROWN FOR SUPERVISOR 2019,REAL ESTATE (DEVELOPER),94110,1000,2
VOTE VALLIE BROWN FOR SUPERVISOR 2019,REAL ESTATE (LANDLORD),94129,500,1
VOTE VALLIE BROWN FOR SUPERVISOR 2019,NON-PROFIT (COMMUNITY),94114,500,2
VOTE VALLIE BROWN FOR SUPERVISOR 2019,REAL ESTATE (OTHER),94116,100,1
VOTE VALLIE BROWN FOR SUPERVISOR 2019,REAL ESTATE (INVESTMENT),94132,500,1
VOTE VALLIE BROWN FOR SUPERVISOR 2019,FINANCE,94117,1200,6
VOTE VALLIE BROWN FOR SUPERVISOR 2019,FINANCE,94115,200,2
VOTE VALLIE BROWN FOR SUPERVISOR 2019,OTHER SERVICES,94605,500,1
VOTE VALLIE BROWN FOR SUPERVISOR 2019,CONSULTING (BUSINESS),94117,1425,5
VOTE VALLIE BROWN FOR SUPERVISOR 2019,CONSULTING (MARKETING),94117,500,1
VOTE VALLIE BROWN FOR SUPERVISOR 2019,CONSULTING (BUSINESS),94132,850,2
VOTE VALLIE BROWN FOR SUPERVISOR 2019,PRIVATE LAW,94122,200,2
VOTE VALLIE BROWN FOR SUPERVISOR 2019,REAL ESTATE (REALTOR),94107,500,1
VOTE VALLIE BROWN FOR SUPERVISOR 2019,CONSULTING (BUSINESS),94110,750,2
VOTE VALLIE BROWN FOR SUPERVISOR 2019,MEDIA,94104,500,1
VOTE VALLIE BROWN FOR SUPERVISOR 2019,MEDIA,94403,250,1
VOTE VALLIE BROWN FOR SUPERVISOR 2019,ENTERTAINMENT,94102,100,1
VOTE VALLIE BROWN FOR SUPERVISOR 2019,REAL ESTATE (REALTOR),94109,100,1
VOTE VALLIE BROWN FOR SUPERVISOR 2019,CANNABIS,94121,500,1
VOTE VALLIE BROWN FOR SUPERVISOR 2019,UNEMPLOYED,94115,950,3
VOTE VALLIE BROWN FOR SUPERVISOR 2019,UNEMPLOYED,94118,850,3
VOTE VALLIE BROWN FOR SUPERVISOR 2019,GOVERNMENT,94118,250,1
VOTE VALLIE BROWN FOR SUPERVISOR 2019,UNEMPLOYED,94122,1150,6
VOTE VALLIE BROWN FOR SUPERVISOR 2019,BUILDING TRADES,94804,250,1
VOTE VALLIE BROWN FOR SUPERVISOR 2019,REAL ESTATE (LANDLORD),94117,600,2
VOTE VALLIE BROWN FOR SUPERVISOR 2019,CONSULTING (BUSINESS),94107,500,1
VOTE VALLIE BROWN FOR SUPERVISOR 2019,NON-PROFIT (COMMUNITY),94122,600,2
VOTE VALLIE BROWN FOR SUPERVISOR 2019,ENTERTAINMENT,94103,250,1
VOTE VALLIE BROWN FOR SUPERVISOR 2019,PRIVATE LAW,94114,600,2
VOTE VALLIE BROWN FOR SUPERVISOR 2019,REAL ESTATE (INVESTMENT),94123,100,1
VOTE VALLIE BROWN FOR SUPERVISOR 2019,CONSULTING (BUSINESS),94941,500,1
VOTE VALLIE BROWN FOR SUPERVISOR 2019,GOVERNMENT,94115,975,4
VOTE VALLIE BROWN FOR SUPERVISOR 2019,ARCHITECTURE/ENGINEERING,94103,500,2
VOTE VALLIE BROWN FOR SUPERVISOR 2019,REAL ESTATE (OTHER),94118,1000,2
VOTE VALLIE BROWN FOR SUPERVISOR 2019,NA,94122,500,1
VOTE VALLIE BROWN FOR SUPERVISOR 2019,CONSULTING (BUSINESS),94116,1000,2
VOTE VALLIE BROWN FOR SUPERVISOR 2019,CANNABIS,94102,750,2
VOTE VALLIE BROWN FOR SUPERVISOR 2019,REAL ESTATE (DEVELOPER),94109,500,1
VOTE VALLIE BROWN FOR SUPERVISOR 2019,CONSULTING (BUSINESS),78231,100,1
VOTE VALLIE BROWN FOR SUPERVISOR 2019,GOVERNMENT,94015,120,1
VOTE VALLIE BROWN FOR SUPERVISOR 2019,BUILDING TRADES,94134,600,2
VOTE VALLIE BROWN FOR SUPERVISOR 2019,CANNABIS,94103,750,2
VOTE VALLIE BROWN FOR SUPERVISOR 2019,REAL ESTATE (DEVELOPER),94114,250,1
VOTE VALLIE BROWN FOR SUPERVISOR 2019,REAL ESTATE (OTHER),94602,500,1
VOTE VALLIE BROWN FOR SUPERVISOR 2019,REAL ESTATE (REALTOR),94127,500,1
VOTE VALLIE BROWN FOR SUPERVISOR 2019,NA,94110,500,1
VOTE VALLIE BROWN FOR SUPERVISOR 2019,GOVERNMENT,94703,100,1
VOTE VALLIE BROWN FOR SUPERVISOR 2019,REAL ESTATE (OTHER),94108,250,1
VOTE VALLIE BROWN FOR SUPERVISOR 2019,UNEMPLOYED,94114,100,1
VOTE VALLIE BROWN FOR SUPERVISOR 2019,REAL ESTATE (OTHER),94117,2100,5
VOTE VALLIE BROWN FOR SUPERVISOR 2019,UNEMPLOYED,94121,1000,2
VOTE VALLIE BROWN FOR SUPERVISOR 2019,REAL ESTATE (NON-PROFIT),94115,200,1
VOTE VALLIE BROWN FOR SUPERVISOR 2019,REAL ESTATE (DEVELOPER),94611,850,2
VOTE VALLIE BROWN FOR SUPERVISOR 2019,HEALTHCARE (INSURANCE),94127,500,1
VOTE VALLIE BROWN FOR SUPERVISOR 2019,BUILDING TRADES,94127,1000,2
VOTE VALLIE BROWN FOR SUPERVISOR 2019,MEDIA,94117,2525,6
VOTE VALLIE BROWN FOR SUPERVISOR 2019,FINANCE,94102,500,1
VOTE VALLIE BROWN FOR SUPERVISOR 2019,REAL ESTATE (OTHER),94111,500,1
VOTE VALLIE BROWN FOR SUPERVISOR 2019,NON-PROFIT (ADVOCACY),94110,100,1
VOTE VALLIE BROWN FOR SUPERVISOR 2019,CANNABIS,94131,500,1
VOTE VALLIE BROWN FOR SUPERVISOR 2019,NA,94124,0,1
VOTE VALLIE BROWN FOR SUPERVISOR 2019,BUILDING TRADES,94117,1700,4
VOTE VALLIE BROWN FOR SUPERVISOR 2019,TELECOMMUNICATIONS,94122,100,1
VOTE VALLIE BROWN FOR SUPERVISOR 2019,CONSULTING (BUSINESS),94133,100,1
VOTE VALLIE BROWN FOR SUPERVISOR 2019,NON-PROFIT (COMMUNITY),94117,650,5
VOTE VALLIE BROWN FOR SUPERVISOR 2019,CANNABIS,60622,500,1
VOTE VALLIE BROWN FOR SUPERVISOR 2019,HOMEMAKER,94132,100,1
VOTE VALLIE BROWN FOR SUPERVISOR 2019,FINANCE,80237,500,1
VOTE VALLIE BROWN FOR SUPERVISOR 2019,REAL ESTATE (DEVELOPER),94939,500,1
VOTE VALLIE BROWN FOR SUPERVISOR 2019,REAL ESTATE (OTHER),94402,500,1
VOTE VALLIE BROWN FOR SUPERVISOR 2019,CONSULTING (BUSINESS),94131,500,1
VOTE VALLIE BROWN FOR SUPERVISOR 2019,UNEMPLOYED,94103,100,1
VOTE VALLIE BROWN FOR SUPERVISOR 2019,NA,94102,0,1
VOTE VALLIE BROWN FOR SUPERVISOR 2019,HEALTHCARE (PROVIDER),94109,1000,2
VOTE VALLIE BROWN FOR SUPERVISOR 2019,REAL ESTATE (REALTOR),94110,1500,3
VOTE VALLIE BROWN FOR SUPERVISOR 2019,CONSULTING (POLITICS),94109,250,1
VOTE VALLIE BROWN FOR SUPERVISOR 2019,EDUCATION,94115,100,1
VOTE VALLIE BROWN FOR SUPERVISOR 2019,NA,94123,100,1
VOTE VALLIE BROWN FOR SUPERVISOR 2019,POLICE,94115,500,1
VOTE VALLIE BROWN FOR SUPERVISOR 2019,REAL ESTATE (DEVELOPER),94920,500,1
VOTE VALLIE BROWN FOR SUPERVISOR 2019,FOOD SERVICE,94109,600,2
VOTE VALLIE BROWN FOR SUPERVISOR 2019,HEALTHCARE (INSURANCE),94122,100,1
VOTE VALLIE BROWN FOR SUPERVISOR 2019,GOVERNMENT,94127,700,3
VOTE VALLIE BROWN FOR SUPERVISOR 2019,OTHER SERVICES,92691,500,1
VOTE VALLIE BROWN FOR SUPERVISOR 2019,CONSULTING (BUSINESS),92691,500,1
VOTE VALLIE BROWN FOR SUPERVISOR 2019,REAL ESTATE (LANDLORD),94102,500,1
VOTE VALLIE BROWN FOR SUPERVISOR 2019,STUDENT,94112,500,1
VOTE VALLIE BROWN FOR SUPERVISOR 2019,HOMEMAKER,94127,500,1
VOTE VALLIE BROWN FOR SUPERVISOR 2019,PRIVATE LAW,94112,100,1
VOTE VALLIE BROWN FOR SUPERVISOR 2019,FINANCE,94903,500,1
VOTE VALLIE BROWN FOR SUPERVISOR 2019,UNEMPLOYED,94591,500,1
VOTE VALLIE BROWN FOR SUPERVISOR 2019,ARCHITECTURE/ENGINEERING,94109,600,2
VOTE VALLIE BROWN FOR SUPERVISOR 2019,HEALTHCARE (PROVIDER),94118,250,1
VOTE VALLIE BROWN FOR SUPERVISOR 2019,ARCHITECTURE/ENGINEERING,94102,850,3
VOTE VALLIE BROWN FOR SUPERVISOR 2019,GOVERNMENT,94133,250,1
VOTE VALLIE BROWN FOR SUPERVISOR 2019,NON-PROFIT (ADVOCACY),94114,250,1
VOTE VALLIE BROWN FOR SUPERVISOR 2019,REAL ESTATE (DEVELOPER),94118,2000,4
VOTE VALLIE BROWN FOR SUPERVISOR 2019,ENERGY,94134,500,1
VOTE VALLIE BROWN FOR SUPERVISOR 2019,NON-PROFIT (COMMUNITY),94121,620,3
VOTE VALLIE BROWN FOR SUPERVISOR 2019,FINANCE,94401,1000,2
VOTE VALLIE BROWN FOR SUPERVISOR 2019,REAL ESTATE (OTHER),94401,500,1
VOTE VALLIE BROWN FOR SUPERVISOR 2019,REAL ESTATE (OTHER),94102,500,1
VOTE VALLIE BROWN FOR SUPERVISOR 2019,CONSULTING (POLITICS),94114,100,1
VOTE VALLIE BROWN FOR SUPERVISOR 2019,FOOD SERVICE,94110,100,1
VOTE VALLIE BROWN FOR SUPERVISOR 2019,HOMEMAKER,94044,500,1
VOTE VALLIE BROWN FOR SUPERVISOR 2019,NA,94109,500,1
VOTE VALLIE BROWN FOR SUPERVISOR 2019,EDUCATION,94122,600,2
VOTE VALLIE BROWN FOR SUPERVISOR 2019,TELECOMMUNICATIONS,94105,100,1
VOTE VALLIE BROWN FOR SUPERVISOR 2019,NON-PROFIT (COMMUNITY),94109,950,3
VOTE VALLIE BROWN FOR SUPERVISOR 2019,ARCHITECTURE/ENGINEERING,94122,400,2
VOTE VALLIE BROWN FOR SUPERVISOR 2019,HEALTHCARE (OTHER),94125,500,1
VOTE VALLIE BROWN FOR SUPERVISOR 2019,REAL ESTATE (REALTOR),94123,100,1
VOTE VALLIE BROWN FOR SUPERVISOR 2019,FINANCE,94601,500,1
VOTE VALLIE BROWN FOR SUPERVISOR 2019,REAL ESTATE (LANDLORD),94110,500,1
VOTE VALLIE BROWN FOR SUPERVISOR 2019,GOVERNMENT,94044,1000,2
VOTE VALLIE BROWN FOR SUPERVISOR 2019,PRIVATE LAW,94133,1100,3
VOTE VALLIE BROWN FOR SUPERVISOR 2019,CONSULTING (POLITICS),94115,100,1
VOTE VALLIE BROWN FOR SUPERVISOR 2019,MEDIA,94110,500,1
VOTE VALLIE BROWN FOR SUPERVISOR 2019,OTHER SERVICES,94122,500,1
VOTE VALLIE BROWN FOR SUPERVISOR 2019,INSURANCE,94122,500,1
VOTE VALLIE BROWN FOR SUPERVISOR 2019,AIRLINE,94117,125,1
VOTE VALLIE BROWN FOR SUPERVISOR 2019,ARCHITECTURE/ENGINEERING,94115,1000,2
VOTE VALLIE BROWN FOR SUPERVISOR 2019,BUILDING TRADES,94114,1000,2
VOTE VALLIE BROWN FOR SUPERVISOR 2019,RETAIL (SMALL BUSINESS),94117,750,2
VOTE VALLIE BROWN FOR SUPERVISOR 2019,EDUCATION,94005,500,1
VOTE VALLIE BROWN FOR SUPERVISOR 2019,RETAIL (SMALL BUSINESS),94131,250,1
VOTE VALLIE BROWN FOR SUPERVISOR 2019,MEDIA,94118,100,1
VOTE VALLIE BROWN FOR SUPERVISOR 2019,SELF-EMPLOYED,94132,500,1
VOTE VALLIE BROWN FOR SUPERVISOR 2019,OTHER SERVICES,94102,100,1
VOTE VALLIE BROWN FOR SUPERVISOR 2019,HOSPITALITY,94114,200,1
VOTE VALLIE BROWN FOR SUPERVISOR 2019,REAL ESTATE (DEVELOPER),94117,1000,2
VOTE VALLIE BROWN FOR SUPERVISOR 2019,REAL ESTATE (DEVELOPER),94062,500,1
VOTE VALLIE BROWN FOR SUPERVISOR 2019,OTHER SERVICES,94115,600,2
VOTE VALLIE BROWN FOR SUPERVISOR 2019,GOVERNMENT,94114,250,1
VOTE VALLIE BROWN FOR SUPERVISOR 2019,ARCHITECTURE/ENGINEERING,94114,500,1
VOTE VALLIE BROWN FOR SUPERVISOR 2019,PRIVATE LAW,94404,500,1
VOTE VALLIE BROWN FOR SUPERVISOR 2019,MANUFACTURING,94404,500,1
VOTE VALLIE BROWN FOR SUPERVISOR 2019,FINANCE,94114,1000,2
VOTE VALLIE BROWN FOR SUPERVISOR 2019,HEALTHCARE (OTHER),94122,750,2
VOTE VALLIE BROWN FOR SUPERVISOR 2019,CONSULTING (BUSINESS),94112,500,1
VOTE VALLIE BROWN FOR SUPERVISOR 2019,REAL ESTATE (REALTOR),94116,500,1
VOTE VALLIE BROWN FOR SUPERVISOR 2019,INSURANCE,94102,400,1
VOTE VALLIE BROWN FOR SUPERVISOR 2019,REAL ESTATE (LANDLORD),94104,500,1
VOTE VALLIE BROWN FOR SUPERVISOR 2019,BUILDING TRADES,94111,100,1
VOTE VALLIE BROWN FOR SUPERVISOR 2019,AGRICULTURE,94107,100,1
VOTE VALLIE BROWN FOR SUPERVISOR 2019,FINANCE,94107,100,1
VOTE VALLIE BROWN FOR SUPERVISOR 2019,FINANCE,94133,1000,2
VOTE VALLIE BROWN FOR SUPERVISOR 2019,FOOD SERVICE,94102,1500,3
VOTE VALLIE BROWN FOR SUPERVISOR 2019,ENERGY,94158,500,1
VOTE VALLIE BROWN FOR SUPERVISOR 2019,HEALTHCARE (INSURANCE),94117,250,1
VOTE VALLIE BROWN FOR SUPERVISOR 2019,CONSULTING (POLITICS),23221,100,1
VOTE VALLIE BROWN FOR SUPERVISOR 2019,FITNESS,94116,500,1
VOTE VALLIE BROWN FOR SUPERVISOR 2019,MANUFACTURING,95070,250,1
VOTE VALLIE BROWN FOR SUPERVISOR 2019,REAL ESTATE (REALTOR),94114,1000,2
VOTE VALLIE BROWN FOR SUPERVISOR 2019,UNEMPLOYED,94127,500,1
VOTE VALLIE BROWN FOR SUPERVISOR 2019,CONSULTING (BUSINESS),94122,500,1
VOTE VALLIE BROWN FOR SUPERVISOR 2019,TECH,94131,500,1
VOTE VALLIE BROWN FOR SUPERVISOR 2019,TECH,94127,500,1
VOTE VALLIE BROWN FOR SUPERVISOR 2019,PRIVATE LAW,94109,850,3
VOTE VALLIE BROWN FOR SUPERVISOR 2019,BUILDING TRADES,94112,1000,2
VOTE VALLIE BROWN FOR SUPERVISOR 2019,REAL ESTATE (DEVELOPER),94123,500,1
VOTE VALLIE BROWN FOR SUPERVISOR 2019,ARCHITECTURE/ENGINEERING,94605,100,1
VOTE VALLIE BROWN FOR SUPERVISOR 2019,REAL ESTATE (INVESTMENT),94102,250,1
VOTE VALLIE BROWN FOR SUPERVISOR 2019,FINANCE,94131,500,1
VOTE VALLIE BROWN FOR SUPERVISOR 2019,FOOD SERVICE,94114,500,1
VOTE VALLIE BROWN FOR SUPERVISOR 2019,UNEMPLOYED,94116,500,1
VOTE VALLIE BROWN FOR SUPERVISOR 2019,ENTERTAINMENT,94110,250,1
VOTE VALLIE BROWN FOR SUPERVISOR 2019,NON-PROFIT (ADVOCACY),94117,498,1
VOTE VALLIE BROWN FOR SUPERVISOR 2019,PRIVATE LAW,94062,500,1
VOTE VALLIE BROWN FOR SUPERVISOR 2019,UNION,94010,500,1
VOTE VALLIE BROWN FOR SUPERVISOR 2019,FOOD SERVICE,94121,750,2
VOTE VALLIE BROWN FOR SUPERVISOR 2019,TECH,94103,100,1
VOTE VALLIE BROWN FOR SUPERVISOR 2019,POLITICS,94115,500,1
VOTE VALLIE BROWN FOR SUPERVISOR 2019,REAL ESTATE (LANDLORD),94127,500,1
VOTE VALLIE BROWN FOR SUPERVISOR 2019,ENTERTAINMENT,90406,500,1
VOTE VALLIE BROWN FOR SUPERVISOR 2019,CONSULTING (BUSINESS),90406,500,1
VOTE VALLIE BROWN FOR SUPERVISOR 2019,HEALTHCARE (PROVIDER),94115,100,1
VOTE VALLIE BROWN FOR SUPERVISOR 2019,NA,94030,500,1
VOTE VALLIE BROWN FOR SUPERVISOR 2019,CANNABIS,94109,1500,2
VOTE VALLIE BROWN FOR SUPERVISOR 2019,NA,94118,0,1
VOTE VALLIE BROWN FOR SUPERVISOR 2019,BUILDING TRADES,94122,500,1
VOTE VALLIE BROWN FOR SUPERVISOR 2019,GOVERNMENT,94103,250,1
VOTE VALLIE BROWN FOR SUPERVISOR 2019,STUDENT,94116,500,1
VOTE VALLIE BROWN FOR SUPERVISOR 2019,PRIVATE LAW,94619,500,1
VOTE VALLIE BROWN FOR SUPERVISOR 2019,TELECOMMUNICATIONS,94115,500,1
VOTE VALLIE BROWN FOR SUPERVISOR 2019,GOVERNMENT,94945,200,1
VOTE VALLIE BROWN FOR SUPERVISOR 2019,PRIVATE LAW,94941,500,1
VOTE VALLIE BROWN FOR SUPERVISOR 2019,BUILDING TRADES,94904,500,1
VOTE VALLIE BROWN FOR SUPERVISOR 2019,RIDESHARE,95240,100,1
VOTE VALLIE BROWN FOR SUPERVISOR 2019,HEALTHCARE (PROVIDER),94110,500,1
VOTE VALLIE BROWN FOR SUPERVISOR 2019,OTHER SERVICES,94124,100,1
VOTE VALLIE BROWN FOR SUPERVISOR 2019,PRIVATE LAW,94960,100,1
VOTE VALLIE BROWN FOR SUPERVISOR 2019,CONSULTING (DESIGN/ENGINEERING),94122,450,1
VOTE VALLIE BROWN FOR SUPERVISOR 2019,CANNABIS,94610,100,1
VOTE VALLIE BROWN FOR SUPERVISOR 2019,BUILDING TRADES,94104,500,1
VOTE VALLIE BROWN FOR SUPERVISOR 2019,CONSULTING (BUSINESS),94596,100,1
VOTE VALLIE BROWN FOR SUPERVISOR 2019,PRIVATE LAW,94115,600,2
VOTE VALLIE BROWN FOR SUPERVISOR 2019,HOMEMAKER,94114,500,1
VOTE VALLIE BROWN FOR SUPERVISOR 2019,STUDENT,94118,120,1
VOTE VALLIE BROWN FOR SUPERVISOR 2019,REAL ESTATE (DEVELOPER),94705,1000,2
VOTE VALLIE BROWN FOR SUPERVISOR 2019,OTHER SERVICES,94116,500,1
VOTE VALLIE BROWN FOR SUPERVISOR 2019,CONSULTING (POLITICS),94941,500,1
VOTE VALLIE BROWN FOR SUPERVISOR 2019,CONSULTING (POLITICS),94117,750,2
VOTE VALLIE BROWN FOR SUPERVISOR 2019,OTHER SERVICES,94114,500,1
VOTE VALLIE BROWN FOR SUPERVISOR 2019,EDUCATION,94110,100,1
VOTE VALLIE BROWN FOR SUPERVISOR 2019,CANNABIS,94601,500,1
VOTE VALLIE BROWN FOR SUPERVISOR 2019,EDUCATION,94112,100,1
VOTE VALLIE BROWN FOR SUPERVISOR 2019,REAL ESTATE (DEVELOPER),94010,500,1
VOTE VALLIE BROWN FOR SUPERVISOR 2019,HEALTHCARE (PROVIDER),94954,500,1
VOTE VALLIE BROWN FOR SUPERVISOR 2019,MEDIA,94134,250,1
VOTE VALLIE BROWN FOR SUPERVISOR 2019,UNEMPLOYED,94111,500,1
VOTE VALLIE BROWN FOR SUPERVISOR 2019,NON-PROFIT (COMMUNITY),94102,400,1
VOTE VALLIE BROWN FOR SUPERVISOR 2019,HEALTHCARE (PROVIDER),94578,500,1
VOTE VALLIE BROWN FOR SUPERVISOR 2019,FINANCE,94566,500,1
VOTE VALLIE BROWN FOR SUPERVISOR 2019,BUILDING TRADES,94080,500,1
VOTE VALLIE BROWN FOR SUPERVISOR 2019,ARCHITECTURE/ENGINEERING,94116,1000,2
VOTE VALLIE BROWN FOR SUPERVISOR 2019,POLITICS,94117,500,1
VOTE VALLIE BROWN FOR SUPERVISOR 2019,HOMEMAKER,94115,500,1
VOTE VALLIE BROWN FOR SUPERVISOR 2019,HEALTHCARE (PROVIDER),94611,100,1
VOTE VALLIE BROWN FOR SUPERVISOR 2019,ARCHITECTURE/ENGINEERING,94618,100,1
VOTE VALLIE BROWN FOR SUPERVISOR 2019,RIDESHARE,94123,100,1
VOTE VALLIE BROWN FOR SUPERVISOR 2019,REAL ESTATE (OTHER),94133,100,1
VOTE VALLIE BROWN FOR SUPERVISOR 2019,HOSPITALITY,94403,250,1
VOTE VALLIE BROWN FOR SUPERVISOR 2019,ARCHITECTURE/ENGINEERING,91755,500,1
VOTE VALLIE BROWN FOR SUPERVISOR 2019,FINANCE,94124,250,1
VOTE VALLIE BROWN FOR SUPERVISOR 2019,REAL ESTATE (OTHER),94596,500,1
VOTE VALLIE BROWN FOR SUPERVISOR 2019,UNEMPLOYED,NA,500,1
VOTE VALLIE BROWN FOR SUPERVISOR 2019,HOSPITALITY,94102,500,1
VOTE VALLIE BROWN FOR SUPERVISOR 2019,NON-PROFIT (COMMUNITY),94127,500,1
VOTE VALLIE BROWN FOR SUPERVISOR 2019,TECH,94403,100,1
VOTE VALLIE BROWN FOR SUPERVISOR 2019,CONSULTING (POLITICS),94610,500,1
VOTE VALLIE BROWN FOR SUPERVISOR 2019,MANUFACTURING,94117,250,1
VOTE VALLIE BROWN FOR SUPERVISOR 2019,CANNABIS,94158,500,1
VOTE VALLIE BROWN FOR SUPERVISOR 2019,REAL ESTATE (OTHER),94941,500,1
VOTE VALLIE BROWN FOR SUPERVISOR 2019,HOMEMAKER,94596,500,1
VOTE VALLIE BROWN FOR SUPERVISOR 2019,NON-PROFIT (COMMUNITY),94066,100,1
VOTE VALLIE BROWN FOR SUPERVISOR 2019,HEALTHCARE (PROVIDER),91755,500,1
VOTE VALLIE BROWN FOR SUPERVISOR 2019,REAL ESTATE (INVESTMENT),94114,500,1
VOTE VALLIE BROWN FOR SUPERVISOR 2019,FINANCE,94030,500,1
VOTE VALLIE BROWN FOR SUPERVISOR 2019,UNEMPLOYED,94010,500,1
DEAN PRESTON FOR SUPERVISOR 2019,CONSULTING (BUSINESS),94303,150,1
DEAN PRESTON FOR SUPERVISOR 2019,PRIVATE LAW,94110,2975,13
DEAN PRESTON FOR SUPERVISOR 2019,PRIVATE LAW,94129,500,1
DEAN PRESTON FOR SUPERVISOR 2019,PRIVATE LAW,94103,300,2
DEAN PRESTON FOR SUPERVISOR 2019,PRIVATE LAW,94104,1600,4
DEAN PRESTON FOR SUPERVISOR 2019,NON-PROFIT (OTHER),90405,500,1
DEAN PRESTON FOR SUPERVISOR 2019,PRIVATE LAW,94611,500,2
DEAN PRESTON FOR SUPERVISOR 2019,NA,94127,200,1
DEAN PRESTON FOR SUPERVISOR 2019,CONSULTING (BUSINESS),94117,900,4
DEAN PRESTON FOR SUPERVISOR 2019,PRIVATE LAW,94112,1200,4
DEAN PRESTON FOR SUPERVISOR 2019,TECH,94122,950,4
DEAN PRESTON FOR SUPERVISOR 2019,MEDIA,94131,450,2
DEAN PRESTON FOR SUPERVISOR 2019,CONSULTING (BUSINESS),94102,100,1
DEAN PRESTON FOR SUPERVISOR 2019,RELIGION,94609,100,1
DEAN PRESTON FOR SUPERVISOR 2019,NA,98368,177,1
DEAN PRESTON FOR SUPERVISOR 2019,PRIVATE LAW,90402,1000,2
DEAN PRESTON FOR SUPERVISOR 2019,MEDIA,94965,520,1
DEAN PRESTON FOR SUPERVISOR 2019,UNION,94117,350,1
DEAN PRESTON FOR SUPERVISOR 2019,POLITICS,94109,700,2
DEAN PRESTON FOR SUPERVISOR 2019,HEALTHCARE (PROVIDER),94114,675,2
DEAN PRESTON FOR SUPERVISOR 2019,MEDIA,85234,500,1
DEAN PRESTON FOR SUPERVISOR 2019,TECH,94110,3250,7
DEAN PRESTON FOR SUPERVISOR 2019,MANUFACTURING,94110,100,1
DEAN PRESTON FOR SUPERVISOR 2019,MEDIA,94110,1010,5
DEAN PRESTON FOR SUPERVISOR 2019,MEDIA,94117,2455,8
DEAN PRESTON FOR SUPERVISOR 2019,MEDIA,94102,150,1
DEAN PRESTON FOR SUPERVISOR 2019,POLITICS,94110,1300,4
DEAN PRESTON FOR SUPERVISOR 2019,TECH,94115,800,3
DEAN PRESTON FOR SUPERVISOR 2019,FINANCE,11215,250,1
DEAN PRESTON FOR SUPERVISOR 2019,NA,90211,1000,2
DEAN PRESTON FOR SUPERVISOR 2019,NA,94117,1650,6
DEAN PRESTON FOR SUPERVISOR 2019,PRIVATE LAW,94014,500,1
DEAN PRESTON FOR SUPERVISOR 2019,HEALTHCARE (INSURANCE),91106,100,1
DEAN PRESTON FOR SUPERVISOR 2019,NA,94114,1200,4
DEAN PRESTON FOR SUPERVISOR 2019,NON-PROFIT (COMMUNITY),94124,100,1
DEAN PRESTON FOR SUPERVISOR 2019,FOOD SERVICE,94939,500,1
DEAN PRESTON FOR SUPERVISOR 2019,CONSULTING (BUSINESS),94115,200,2
DEAN PRESTON FOR SUPERVISOR 2019,PRIVATE LAW,94109,2750,9
DEAN PRESTON FOR SUPERVISOR 2019,EDUCATION,94706,200,1
DEAN PRESTON FOR SUPERVISOR 2019,POLITICS,94122,1200,3
DEAN PRESTON FOR SUPERVISOR 2019,TENANT LAW,94105,200,1
DEAN PRESTON FOR SUPERVISOR 2019,POLITICS,94115,400,1
DEAN PRESTON FOR SUPERVISOR 2019,TECH,94131,600,2
DEAN PRESTON FOR SUPERVISOR 2019,NA,13491,100,1
DEAN PRESTON FOR SUPERVISOR 2019,GOVERNMENT,94110,500,1
DEAN PRESTON FOR SUPERVISOR 2019,OTHER SERVICES,94010,100,1
DEAN PRESTON FOR SUPERVISOR 2019,PRIVATE LAW,94015,250,1
DEAN PRESTON FOR SUPERVISOR 2019,HEALTHCARE (PROVIDER),94107,500,1
DEAN PRESTON FOR SUPERVISOR 2019,GOVERNMENT,94115,600,2
DEAN PRESTON FOR SUPERVISOR 2019,OTHER SERVICES,94110,1170,5
DEAN PRESTON FOR SUPERVISOR 2019,CONSULTING (BUSINESS),94122,550,2
DEAN PRESTON FOR SUPERVISOR 2019,PRIVATE LAW,94121,550,3
DEAN PRESTON FOR SUPERVISOR 2019,NA,94110,1750,9
DEAN PRESTON FOR SUPERVISOR 2019,OTHER SERVICES,94114,100,1
DEAN PRESTON FOR SUPERVISOR 2019,TECH,95003,350,1
DEAN PRESTON FOR SUPERVISOR 2019,NON-PROFIT (COMMUNITY),94110,200,1
DEAN PRESTON FOR SUPERVISOR 2019,EDUCATION,94610,200,2
DEAN PRESTON FOR SUPERVISOR 2019,EDUCATION,94110,900,5
DEAN PRESTON FOR SUPERVISOR 2019,MEDIA,94114,1250,4
DEAN PRESTON FOR SUPERVISOR 2019,NON-PROFIT (COMMUNITY),94115,1300,3
DEAN PRESTON FOR SUPERVISOR 2019,AGRICULTURE,53589,500,1
DEAN PRESTON FOR SUPERVISOR 2019,HEALTHCARE (PROVIDER),94110,850,3
DEAN PRESTON FOR SUPERVISOR 2019,POLITICS,94116,250,1
DEAN PRESTON FOR SUPERVISOR 2019,TECH,94102,1100,6
DEAN PRESTON FOR SUPERVISOR 2019,NA,94122,700,3
DEAN PRESTON FOR SUPERVISOR 2019,GOVERNMENT,94306,100,1
DEAN PRESTON FOR SUPERVISOR 2019,HEALTHCARE (PROVIDER),94122,1000,2
DEAN PRESTON FOR SUPERVISOR 2019,POLITICS,94546,100,1
DEAN PRESTON FOR SUPERVISOR 2019,PRIVATE LAW,94131,1500,5
DEAN PRESTON FOR SUPERVISOR 2019,EDUCATION,60605,500,1
DEAN PRESTON FOR SUPERVISOR 2019,BIOTECH,94122,182,1
DEAN PRESTON FOR SUPERVISOR 2019,TECH,94109,1750,4
DEAN PRESTON FOR SUPERVISOR 2019,REAL ESTATE (OTHER),94563,300,1
DEAN PRESTON FOR SUPERVISOR 2019,CONSULTING (MARKETING),94115,420,2
DEAN PRESTON FOR SUPERVISOR 2019,NON-PROFIT (ADVOCACY),94015,250,1
DEAN PRESTON FOR SUPERVISOR 2019,GOVERNMENT,90035,200,1
DEAN PRESTON FOR SUPERVISOR 2019,NON-PROFIT (OTHER),60615,500,1
DEAN PRESTON FOR SUPERVISOR 2019,TECH,94107,127,1
DEAN PRESTON FOR SUPERVISOR 2019,PRIVATE LAW,94102,1250,5
DEAN PRESTON FOR SUPERVISOR 2019,TECH,94608,500,1
DEAN PRESTON FOR SUPERVISOR 2019,PRIVATE LAW,94107,1100,3
DEAN PRESTON FOR SUPERVISOR 2019,PRIVATE LAW,94133,1300,4
DEAN PRESTON FOR SUPERVISOR 2019,NA,98407,100,1
DEAN PRESTON FOR SUPERVISOR 2019,TECH,94117,1100,3
DEAN PRESTON FOR SUPERVISOR 2019,GOVERNMENT,94109,500,1
DEAN PRESTON FOR SUPERVISOR 2019,REAL ESTATE (OTHER),94602,200,1
DEAN PRESTON FOR SUPERVISOR 2019,NON-PROFIT (OTHER),94115,500,1
DEAN PRESTON FOR SUPERVISOR 2019,TECH,94014,100,1
DEAN PRESTON FOR SUPERVISOR 2019,UNION,94110,300,2
DEAN PRESTON FOR SUPERVISOR 2019,FOOD SERVICE,94131,200,1
DEAN PRESTON FOR SUPERVISOR 2019,PRIVATE LAW,95123,100,1
DEAN PRESTON FOR SUPERVISOR 2019,ARCHITECTURE/ENGINEERING,75219,500,1
DEAN PRESTON FOR SUPERVISOR 2019,HEALTHCARE (PROVIDER),19085,500,1
DEAN PRESTON FOR SUPERVISOR 2019,PRIVATE LAW,98103,100,1
DEAN PRESTON FOR SUPERVISOR 2019,TENANT LAW,94122,650,2
DEAN PRESTON FOR SUPERVISOR 2019,NON-PROFIT (LAW),94102,250,1
DEAN PRESTON FOR SUPERVISOR 2019,HEALTHCARE (PROVIDER),94131,300,1
DEAN PRESTON FOR SUPERVISOR 2019,NA,93711,100,1
DEAN PRESTON FOR SUPERVISOR 2019,HEALTHCARE (OTHER),94122,500,1
DEAN PRESTON FOR SUPERVISOR 2019,ARCHITECTURE/ENGINEERING,94708,500,1
DEAN PRESTON FOR SUPERVISOR 2019,PRIVATE LAW,94117,2950,7
DEAN PRESTON FOR SUPERVISOR 2019,PRIVATE LAW,94605,150,1
DEAN PRESTON FOR SUPERVISOR 2019,ARCHITECTURE/ENGINEERING,94111,250,1
DEAN PRESTON FOR SUPERVISOR 2019,FINANCE,10014,500,1
DEAN PRESTON FOR SUPERVISOR 2019,NA,94111,500,1
DEAN PRESTON FOR SUPERVISOR 2019,GOVERNMENT,94124,500,1
DEAN PRESTON FOR SUPERVISOR 2019,NON-PROFIT (COMMUNITY),94112,300,2
DEAN PRESTON FOR SUPERVISOR 2019,GOVERNMENT,90015,300,2
DEAN PRESTON FOR SUPERVISOR 2019,CONSULTING (DESIGN/ENGINEERING),NA,100,1
DEAN PRESTON FOR SUPERVISOR 2019,EDUCATION,94609,100,1
DEAN PRESTON FOR SUPERVISOR 2019,PRIVATE LAW,94901,250,1
DEAN PRESTON FOR SUPERVISOR 2019,PRIVATE LAW,94612,200,2
DEAN PRESTON FOR SUPERVISOR 2019,ARCHITECTURE/ENGINEERING,94103,250,1
DEAN PRESTON FOR SUPERVISOR 2019,GOVERNMENT,94117,650,2
DEAN PRESTON FOR SUPERVISOR 2019,PRIVATE LAW,94114,1400,5
DEAN PRESTON FOR SUPERVISOR 2019,EDUCATION,94117,2700,8
DEAN PRESTON FOR SUPERVISOR 2019,FINANCE,10023,500,1
DEAN PRESTON FOR SUPERVISOR 2019,EDUCATION,94112,250,2
DEAN PRESTON FOR SUPERVISOR 2019,MEDIA,94122,200,1
DEAN PRESTON FOR SUPERVISOR 2019,TECH,94606,500,1
DEAN PRESTON FOR SUPERVISOR 2019,PRIVATE LAW,94123,200,1
DEAN PRESTON FOR SUPERVISOR 2019,NON-PROFIT (COMMUNITY),94707,200,1
DEAN PRESTON FOR SUPERVISOR 2019,NON-PROFIT (LAW),94609,500,1
DEAN PRESTON FOR SUPERVISOR 2019,TECH,93927,500,1
DEAN PRESTON FOR SUPERVISOR 2019,OTHER SERVICES,94122,150,1
DEAN PRESTON FOR SUPERVISOR 2019,CONSULTING (POLITICS),94131,500,1
DEAN PRESTON FOR SUPERVISOR 2019,FOOD SERVICE,94110,750,2
DEAN PRESTON FOR SUPERVISOR 2019,FINANCE,92110,100,1
DEAN PRESTON FOR SUPERVISOR 2019,OTHER SERVICES,95073,250,1
DEAN PRESTON FOR SUPERVISOR 2019,CONSULTING (BUSINESS),94103,500,1
DEAN PRESTON FOR SUPERVISOR 2019,EDUCATION,94103,500,1
DEAN PRESTON FOR SUPERVISOR 2019,POLITICS,94607,150,1
DEAN PRESTON FOR SUPERVISOR 2019,NON-PROFIT (COMMUNITY),94002,100,1
DEAN PRESTON FOR SUPERVISOR 2019,PRIVATE LAW,94116,150,1
DEAN PRESTON FOR SUPERVISOR 2019,TECH,94114,2295,7
DEAN PRESTON FOR SUPERVISOR 2019,FINANCE,94123,600,2
DEAN PRESTON FOR SUPERVISOR 2019,NON-PROFIT (COMMUNITY),94122,800,3
DEAN PRESTON FOR SUPERVISOR 2019,PRIVATE LAW,94705,500,1
DEAN PRESTON FOR SUPERVISOR 2019,POLITICS,94112,300,1
DEAN PRESTON FOR SUPERVISOR 2019,PRIVATE LAW,94115,1450,5
DEAN PRESTON FOR SUPERVISOR 2019,ENERGY,94122,100,1
DEAN PRESTON FOR SUPERVISOR 2019,EDUCATION,94115,200,2
DEAN PRESTON FOR SUPERVISOR 2019,TELECOMMUNICATIONS,94121,250,1
DEAN PRESTON FOR SUPERVISOR 2019,REAL ESTATE (REALTOR),94121,100,1
DEAN PRESTON FOR SUPERVISOR 2019,ARCHITECTURE/ENGINEERING,94107,600,2
DEAN PRESTON FOR SUPERVISOR 2019,FINANCE,94110,150,1
DEAN PRESTON FOR SUPERVISOR 2019,FINANCE,10025,500,1
DEAN PRESTON FOR SUPERVISOR 2019,CONSULTING (BUSINESS),94112,350,2
DEAN PRESTON FOR SUPERVISOR 2019,NON-PROFIT (COMMUNITY),94103,500,1
DEAN PRESTON FOR SUPERVISOR 2019,NA,94116,200,1
DEAN PRESTON FOR SUPERVISOR 2019,FINANCE,94109,100,1
DEAN PRESTON FOR SUPERVISOR 2019,EDUCATION,94118,100,1
DEAN PRESTON FOR SUPERVISOR 2019,REAL ESTATE (OTHER),94611,100,1
DEAN PRESTON FOR SUPERVISOR 2019,PRIVATE LAW,94111,700,2
DEAN PRESTON FOR SUPERVISOR 2019,PRIVATE LAW,94062,100,1
DEAN PRESTON FOR SUPERVISOR 2019,TECH,84121,250,1
DEAN PRESTON FOR SUPERVISOR 2019,NA,94108,100,1
DEAN PRESTON FOR SUPERVISOR 2019,MANUFACTURING,60657,500,1
DEAN PRESTON FOR SUPERVISOR 2019,FINANCE,94116,500,1
DEAN PRESTON FOR SUPERVISOR 2019,CONSULTING (POLITICS),94110,1100,3
DEAN PRESTON FOR SUPERVISOR 2019,HEALTHCARE (OTHER),20852,250,1
DEAN PRESTON FOR SUPERVISOR 2019,NON-PROFIT (COMMUNITY),94118,350,2
DEAN PRESTON FOR SUPERVISOR 2019,TENANT LAW,94402,500,1
DEAN PRESTON FOR SUPERVISOR 2019,CONSULTING (MARKETING),90254,500,1
DEAN PRESTON FOR SUPERVISOR 2019,NA,94103,500,1
DEAN PRESTON FOR SUPERVISOR 2019,EDUCATION,94121,350,1
DEAN PRESTON FOR SUPERVISOR 2019,HEALTHCARE (PROVIDER),94118,700,2
DEAN PRESTON FOR SUPERVISOR 2019,RELIGION,98144,500,1
DEAN PRESTON FOR SUPERVISOR 2019,RELIGION,98177,500,1
DEAN PRESTON FOR SUPERVISOR 2019,MEDIA,94116,250,1
DEAN PRESTON FOR SUPERVISOR 2019,FINANCE,94705,100,1
DEAN PRESTON FOR SUPERVISOR 2019,HEALTHCARE (OTHER),94602,500,1
DEAN PRESTON FOR SUPERVISOR 2019,NA,98101,1000,2
DEAN PRESTON FOR SUPERVISOR 2019,NON-PROFIT (LAW),94131,150,1
DEAN PRESTON FOR SUPERVISOR 2019,POLITICS,94103,100,1
DEAN PRESTON FOR SUPERVISOR 2019,PRIVATE LAW,93703,500,1
DEAN PRESTON FOR SUPERVISOR 2019,PRIVATE LAW,77005,500,1
DEAN PRESTON FOR SUPERVISOR 2019,NON-PROFIT (COMMUNITY),94116,250,1
DEAN PRESTON FOR SUPERVISOR 2019,CONSULTING (POLITICS),94117,850,2
DEAN PRESTON FOR SUPERVISOR 2019,HEALTHCARE (PROVIDER),94117,750,2
DEAN PRESTON FOR SUPERVISOR 2019,FOOD SERVICE,94117,500,1
DEAN PRESTON FOR SUPERVISOR 2019,TECH,94121,500,1
DEAN PRESTON FOR SUPERVISOR 2019,FINANCE,11530,500,1
DEAN PRESTON FOR SUPERVISOR 2019,ENTERTAINMENT,94103,800,2
DEAN PRESTON FOR SUPERVISOR 2019,TENANT LAW,94610,450,1
DEAN PRESTON FOR SUPERVISOR 2019,HEALTHCARE (PROVIDER),94608,500,1
DEAN PRESTON FOR SUPERVISOR 2019,HEALTHCARE (PROVIDER),10023,500,1
DEAN PRESTON FOR SUPERVISOR 2019,NON-PROFIT (OTHER),94708,500,1
DEAN PRESTON FOR SUPERVISOR 2019,TECH,94301,500,1
DEAN PRESTON FOR SUPERVISOR 2019,NON-PROFIT (COMMUNITY),94109,500,1
DEAN PRESTON FOR SUPERVISOR 2019,REAL ESTATE (OTHER),94109,500,1
DEAN PRESTON FOR SUPERVISOR 2019,OTHER SERVICES,94609,100,1
DEAN PRESTON FOR SUPERVISOR 2019,PRIVATE LAW,64110,200,1
DEAN PRESTON FOR SUPERVISOR 2019,ARCHITECTURE/ENGINEERING,94112,200,1
DEAN PRESTON FOR SUPERVISOR 2019,NA,94123,500,1
DEAN PRESTON FOR SUPERVISOR 2019,GOVERNMENT,94127,250,1
DEAN PRESTON FOR SUPERVISOR 2019,NA,11530,500,1
DEAN PRESTON FOR SUPERVISOR 2019,PRIVATE LAW,36109,100,1
DEAN PRESTON FOR SUPERVISOR 2019,BIOTECH,94402,500,1
DEAN PRESTON FOR SUPERVISOR 2019,CANNABIS,94109,1000,1
DEAN PRESTON FOR SUPERVISOR 2019,EDUCATION,94116,200,2
DEAN PRESTON FOR SUPERVISOR 2019,REAL ESTATE (OTHER),97211,100,1
DEAN PRESTON FOR SUPERVISOR 2019,OTHER SERVICES,94608,100,1
DEAN PRESTON FOR SUPERVISOR 2019,EDUCATION,94803,1000,2
DEAN PRESTON FOR SUPERVISOR 2019,MEDIA,94118,350,2
DEAN PRESTON FOR SUPERVISOR 2019,OTHER SERVICES,87501,100,1
DEAN PRESTON FOR SUPERVISOR 2019,MEDIA,91108,200,1
DEAN PRESTON FOR SUPERVISOR 2019,NON-PROFIT (ADVOCACY),94117,500,1
DEAN PRESTON FOR SUPERVISOR 2019,FINANCE,60647,500,1
DEAN PRESTON FOR SUPERVISOR 2019,ARCHITECTURE/ENGINEERING,94114,1250,4
DEAN PRESTON FOR SUPERVISOR 2019,STUDENT,94117,500,1
DEAN PRESTON FOR SUPERVISOR 2019,NON-PROFIT (ADVOCACY),94109,750,2
DEAN PRESTON FOR SUPERVISOR 2019,PRIVATE LAW,94925,500,1
DEAN PRESTON FOR SUPERVISOR 2019,EDUCATION,94102,500,1
DEAN PRESTON FOR SUPERVISOR 2019,REAL ESTATE (NON-PROFIT),94114,500,1
DEAN PRESTON FOR SUPERVISOR 2019,POLITICS,90068,100,1
DEAN PRESTON FOR SUPERVISOR 2019,TECH,94112,500,1
DEAN PRESTON FOR SUPERVISOR 2019,MEDIA,94070,500,1
DEAN PRESTON FOR SUPERVISOR 2019,NA,94115,500,2
DEAN PRESTON FOR SUPERVISOR 2019,HEALTHCARE (PROVIDER),94301,500,1
DEAN PRESTON FOR SUPERVISOR 2019,OTHER SERVICES,94121,500,1
DEAN PRESTON FOR SUPERVISOR 2019,CONSULTING (BUSINESS),94404,100,1
DEAN PRESTON FOR SUPERVISOR 2019,RETAIL (SMALL BUSINESS),94117,200,1
DEAN PRESTON FOR SUPERVISOR 2019,CANNABIS,94121,500,1
DEAN PRESTON FOR SUPERVISOR 2019,CONSULTING (MARKETING),94117,100,1
DEAN PRESTON FOR SUPERVISOR 2019,NA,94131,150,1
DEAN PRESTON FOR SUPERVISOR 2019,FOOD SERVICE,94109,100,1
DEAN PRESTON FOR SUPERVISOR 2019,HEALTHCARE (PROVIDER),94564,500,1
DEAN PRESTON FOR SUPERVISOR 2019,FINANCE,10021,500,1
DEAN PRESTON FOR SUPERVISOR 2019,BIOTECH,94158,100,1
DEAN PRESTON FOR SUPERVISOR 2019,RETAIL (SMALL BUSINESS),94115,100,1
DEAN PRESTON FOR SUPERVISOR 2019,REAL ESTATE (LANDLORD),94117,500,1
DEAN PRESTON FOR SUPERVISOR 2019,FINANCE,10583,500,1
DEAN PRESTON FOR SUPERVISOR 2019,MANUFACTURING,94114,500,1
DEAN PRESTON FOR SUPERVISOR 2019,BIOTECH,94110,200,1
DEAN PRESTON FOR SUPERVISOR 2019,OTHER SERVICES,94117,1615,5
DEAN PRESTON FOR SUPERVISOR 2019,NON-PROFIT (LAW),95820,500,1
DEAN PRESTON FOR SUPERVISOR 2019,REAL ESTATE (INVESTMENT),94133,200,1
DEAN PRESTON FOR SUPERVISOR 2019,HEALTHCARE (PROVIDER),94707,500,1
DEAN PRESTON FOR SUPERVISOR 2019,HEALTHCARE (PROVIDER),94703,250,1
DEAN PRESTON FOR SUPERVISOR 2019,CONSULTING (DESIGN/ENGINEERING),94117,350,1
DEAN PRESTON FOR SUPERVISOR 2019,ARCHITECTURE/ENGINEERING,94117,600,2
DEAN PRESTON FOR SUPERVISOR 2019,UNION,94112,100,1
DEAN PRESTON FOR SUPERVISOR 2019,NA,19901,100,1
DEAN PRESTON FOR SUPERVISOR 2019,EDUCATION,94063,250,1
DEAN PRESTON FOR SUPERVISOR 2019,PRIVATE LAW,94124,500,1
DEAN PRESTON FOR SUPERVISOR 2019,CONSULTING (POLITICS),94611,100,1
DEAN PRESTON FOR SUPERVISOR 2019,PRIVATE LAW,94702,100,1
DEAN PRESTON FOR SUPERVISOR 2019,ENTERTAINMENT,93063,1000,2
DEAN PRESTON FOR SUPERVISOR 2019,NA,94609,100,1
DEAN PRESTON FOR SUPERVISOR 2019,CONSULTING (MARKETING),94118,100,1
DEAN PRESTON FOR SUPERVISOR 2019,TECH,11222,100,1
DEAN PRESTON FOR SUPERVISOR 2019,HEALTHCARE (PROVIDER),94619,500,1
DEAN PRESTON FOR SUPERVISOR 2019,NON-PROFIT (COMMUNITY),94117,1000,2
DEAN PRESTON FOR SUPERVISOR 2019,EDUCATION,94941,150,1
DEAN PRESTON FOR SUPERVISOR 2019,EDUCATION,97212,500,1
DEAN PRESTON FOR SUPERVISOR 2019,PRIVATE LAW,94127,250,1
DEAN PRESTON FOR SUPERVISOR 2019,NON-PROFIT (COMMUNITY),94107,100,1
DEAN PRESTON FOR SUPERVISOR 2019,CONSULTING (BUSINESS),98144,475,1
DEAN PRESTON FOR SUPERVISOR 2019,MEDIA,96161,100,1
DEAN PRESTON FOR SUPERVISOR 2019,LANDLORD LAW,94115,300,1
DEAN PRESTON FOR SUPERVISOR 2019,NON-PROFIT (ADVOCACY),94110,700,2
DEAN PRESTON FOR SUPERVISOR 2019,UNION,94965,500,1
DEAN PRESTON FOR SUPERVISOR 2019,EDUCATION,95842,250,1
DEAN PRESTON FOR SUPERVISOR 2019,ENTERTAINMENT,11249,500,1
DEAN PRESTON FOR SUPERVISOR 2019,PRIVATE LAW,94549,1000,2
DEAN PRESTON FOR SUPERVISOR 2019,CONSULTING (BUSINESS),94549,500,1
DEAN PRESTON FOR SUPERVISOR 2019,PRIVATE LAW,97212,650,2
DEAN PRESTON FOR SUPERVISOR 2019,ENTERTAINMENT,10306,500,1
DEAN PRESTON FOR SUPERVISOR 2019,POLITICS,94133,500,1
DEAN PRESTON FOR SUPERVISOR 2019,GOVERNMENT,94133,500,1
DEAN PRESTON FOR SUPERVISOR 2019,TECH,94103,2100,5
DEAN PRESTON FOR SUPERVISOR 2019,MEDIA,NA,100,1
DEAN PRESTON FOR SUPERVISOR 2019,HEALTHCARE (PROVIDER),10019,500,1
DEAN PRESTON FOR SUPERVISOR 2019,POLITICS,94107,1000,2
DEAN PRESTON FOR SUPERVISOR 2019,CONSULTING (BUSINESS),94110,100,1
DEAN PRESTON FOR SUPERVISOR 2019,TECH,94709,500,1
DEAN PRESTON FOR SUPERVISOR 2019,GOVERNMENT,94607,250,1
DEAN PRESTON FOR SUPERVISOR 2019,ARCHITECTURE/ENGINEERING,94121,500,1
DEAN PRESTON FOR SUPERVISOR 2019,HEALTHCARE (OTHER),94070,500,1
DEAN PRESTON FOR SUPERVISOR 2019,MEDIA,91436,500,1
DEAN PRESTON FOR SUPERVISOR 2019,PRIVATE LAW,91436,500,1
DEAN PRESTON FOR SUPERVISOR 2019,EDUCATION,94133,500,1
DEAN PRESTON FOR SUPERVISOR 2019,PRIVATE LAW,NA,500,1
DEAN PRESTON FOR SUPERVISOR 2019,ARCHITECTURE/ENGINEERING,94133,100,1
DEAN PRESTON FOR SUPERVISOR 2019,PRIVATE LAW,94108,1000,2
DEAN PRESTON FOR SUPERVISOR 2019,PRIVATE LAW,94122,1500,5
DEAN PRESTON FOR SUPERVISOR 2019,GOVERNMENT,92617,500,1
DEAN PRESTON FOR SUPERVISOR 2019,HEALTHCARE (PROVIDER),NA,250,1
DEAN PRESTON FOR SUPERVISOR 2019,HEALTHCARE (PROVIDER),70117,500,1
DEAN PRESTON FOR SUPERVISOR 2019,FOOD SERVICE,70117,500,1
DEAN PRESTON FOR SUPERVISOR 2019,HEALTHCARE (PROVIDER),98502,150,1
DEAN PRESTON FOR SUPERVISOR 2019,PRIVATE LAW,94608,100,1
DEAN PRESTON FOR SUPERVISOR 2019,NA,12726,500,1
DEAN PRESTON FOR SUPERVISOR 2019,POLITICS,94134,500,1
DEAN PRESTON FOR SUPERVISOR 2019,NA,95831,100,1
DEAN PRESTON FOR SUPERVISOR 2019,GOVERNMENT,94102,500,1
DEAN PRESTON FOR SUPERVISOR 2019,PRIVATE LAW,94404,500,1
DEAN PRESTON FOR SUPERVISOR 2019,HEALTHCARE (OTHER),10025,500,1
DEAN PRESTON FOR SUPERVISOR 2019,MEDIA,93705,100,1
DEAN PRESTON FOR SUPERVISOR 2019,CONSULTING (BUSINESS),94403,100,1
DEAN PRESTON FOR SUPERVISOR 2019,PRIVATE LAW,94501,100,1
DEAN PRESTON FOR SUPERVISOR 2019,MEDIA,10024,500,1
DEAN PRESTON FOR SUPERVISOR 2019,MEDIA,94107,500,1
DEAN PRESTON FOR SUPERVISOR 2019,OTHER SERVICES,94132,500,1
DEAN PRESTON FOR SUPERVISOR 2019,PRIVATE LAW,94710,100,1
DEAN PRESTON FOR SUPERVISOR 2019,NON-PROFIT (LAW),94602,250,1
DEAN PRESTON FOR SUPERVISOR 2019,TECH,90291,100,1
DEAN PRESTON FOR SUPERVISOR 2019,REAL ESTATE (LANDLORD),94109,250,1
DEAN PRESTON FOR SUPERVISOR 2019,GOVERNMENT,94501,250,1
DEAN PRESTON FOR SUPERVISOR 2019,GOVERNMENT,94122,500,1
DEAN PRESTON FOR SUPERVISOR 2019,CONSULTING (POLITICS),94610,300,2
DEAN PRESTON FOR SUPERVISOR 2019,REAL ESTATE (DEVELOPER),11530,500,1
DEAN PRESTON FOR SUPERVISOR 2019,NA,10024,200,1
DEAN PRESTON FOR SUPERVISOR 2019,TECH,98118,100,1
DEAN PRESTON FOR SUPERVISOR 2019,TECH,97330,150,1
DEAN PRESTON FOR SUPERVISOR 2019,GOVERNMENT,94118,500,1
DEAN PRESTON FOR SUPERVISOR 2019,CONSULTING (MARKETING),95570,100,1
DEAN PRESTON FOR SUPERVISOR 2019,OTHER SERVICES,94109,200,1
DEAN PRESTON FOR SUPERVISOR 2019,OTHER SERVICES,10983,500,1
DEAN PRESTON FOR SUPERVISOR 2019,EDUCATION,94619,500,1
DEAN PRESTON FOR SUPERVISOR 2019,TECH,94118,1000,2
DEAN PRESTON FOR SUPERVISOR 2019,NA,NA,1000,2
DEAN PRESTON FOR SUPERVISOR 2019,GOVERNMENT,94114,700,2
DEAN PRESTON FOR SUPERVISOR 2019,HEALTHCARE (PROVIDER),94960,500,1
DEAN PRESTON FOR SUPERVISOR 2019,NA,94611,500,1
DEAN PRESTON FOR SUPERVISOR 2019,ARCHITECTURE/ENGINEERING,98119,500,1
DEAN PRESTON FOR SUPERVISOR 2019,FINANCE,80027,500,1
DEAN PRESTON FOR SUPERVISOR 2019,CONSULTING (BUSINESS),80027,500,1
DEAN PRESTON FOR SUPERVISOR 2019,EDUCATION,90405,300,1
DEAN PRESTON FOR SUPERVISOR 2019,PRIVATE LAW,98040,200,1
DEAN PRESTON FOR SUPERVISOR 2019,FINANCE,10024,500,1
DEAN PRESTON FOR SUPERVISOR 2019,GOVERNMENT,94709,250,1
DEAN PRESTON FOR SUPERVISOR 2019,EDUCATION,94132,250,1
DEAN PRESTON FOR SUPERVISOR 2019,HEALTHCARE (PROVIDER),94115,500,1
DEAN PRESTON FOR SUPERVISOR 2019,HEALTHCARE (PROVIDER),77005,100,1
DEAN PRESTON FOR SUPERVISOR 2019,POLITICS,98146,500,1
DEAN PRESTON FOR SUPERVISOR 2019,GOVERNMENT,98146,500,1
DEAN PRESTON FOR SUPERVISOR 2019,HEALTHCARE (INSURANCE),94115,100,1
DEAN PRESTON FOR SUPERVISOR 2019,NON-PROFIT (COMMUNITY),94114,600,2
DEAN PRESTON FOR SUPERVISOR 2019,OTHER SERVICES,94118,350,2
DEAN PRESTON FOR SUPERVISOR 2019,EDUCATION,11215,500,1
DEAN PRESTON FOR SUPERVISOR 2019,BIOTECH,94108,500,1
DEAN PRESTON FOR SUPERVISOR 2019,NA,94109,100,1
DEAN PRESTON FOR SUPERVISOR 2019,FOOD SERVICE,94127,500,1
DEAN PRESTON FOR SUPERVISOR 2019,REAL ESTATE (LANDLORD),94115,500,1
DEAN PRESTON FOR SUPERVISOR 2019,MEDIA,94115,300,2
DEAN PRESTON FOR SUPERVISOR 2019,POLITICS,94114,500,1
DEAN PRESTON FOR SUPERVISOR 2019,GOVERNMENT,95062,200,1
DEAN PRESTON FOR SUPERVISOR 2019,PRIVATE LAW,94010,100,1
DEAN PRESTON FOR SUPERVISOR 2019,POLITICS,94702,200,1
DEAN PRESTON FOR SUPERVISOR 2019,HEALTHCARE (INSURANCE),94117,150,1
DEAN PRESTON FOR SUPERVISOR 2019,CONSULTING (POLITICS),NA,250,1
DEAN PRESTON FOR SUPERVISOR 2019,REAL ESTATE (NON-PROFIT),94103,100,1
DEAN PRESTON FOR SUPERVISOR 2019,PRIVATE LAW,98119,100,1
DEAN PRESTON FOR SUPERVISOR 2019,HEALTHCARE (OTHER),94110,300,1
DEAN PRESTON FOR SUPERVISOR 2019,PRIVATE LAW,94618,500,1
DEAN PRESTON FOR SUPERVISOR 2019,EDUCATION,11530,500,1
DEAN PRESTON FOR SUPERVISOR 2019,TECH,94609,200,1
DEAN PRESTON FOR SUPERVISOR 2019,AGRICULTURE,94131,100,1
DEAN PRESTON FOR SUPERVISOR 2019,NON-PROFIT (COMMUNITY),98115,250,1
DEAN PRESTON FOR SUPERVISOR 2019,POLITICS,94124,250,1
DEAN PRESTON FOR SUPERVISOR 2019,REAL ESTATE (OTHER),20020,500,1
DEAN PRESTON FOR SUPERVISOR 2019,EDUCATION,02170,500,1
DEAN PRESTON FOR SUPERVISOR 2019,TECH,22124,100,1
DEAN PRESTON FOR SUPERVISOR 2019,FOOD SERVICE,98146,500,1
DEAN PRESTON FOR SUPERVISOR 2019,NON-PROFIT (LAW),94605,500,1
DEAN PRESTON FOR SUPERVISOR 2019,PRIVATE LAW,20814,199,1
DEAN PRESTON FOR SUPERVISOR 2019,PRIVATE LAW,95814,200,1
DEAN PRESTON FOR SUPERVISOR 2019,CONSULTING (BUSINESS),94114,500,1
DEAN PRESTON FOR SUPERVISOR 2019,NON-PROFIT (COMMUNITY),94501,100,1
DEAN PRESTON FOR SUPERVISOR 2019,PRIVATE LAW,94610,100,1
DEAN PRESTON FOR SUPERVISOR 2019,MEDIA,94133,100,1
DEAN PRESTON FOR SUPERVISOR 2019,TECH,95070,500,1
DEAN PRESTON FOR SUPERVISOR 2019,NON-PROFIT (COMMUNITY),94710,250,1
DEAN PRESTON FOR SUPERVISOR 2019,HEALTHCARE (PROVIDER),95503,500,1
DEAN PRESTON FOR SUPERVISOR 2019,PRIVATE LAW,94134,250,1
DEAN PRESTON FOR SUPERVISOR 2019,EDUCATION,98033,100,1
DEAN PRESTON FOR SUPERVISOR 2019,HEALTHCARE (INSURANCE),94110,100,1
DEAN PRESTON FOR SUPERVISOR 2019,BUILDING TRADES,11530,500,1
DEAN PRESTON FOR SUPERVISOR 2019,TECH,94132,500,1
DEAN PRESTON FOR SUPERVISOR 2019,CONSULTING (BUSINESS),98107,500,1
DEAN PRESTON FOR SUPERVISOR 2019,CONSULTING (BUSINESS),94070,500,1
DEAN PRESTON FOR SUPERVISOR 2019,HEALTHCARE (PROVIDER),94611,500,1
DEAN PRESTON FOR SUPERVISOR 2019,OTHER SERVICES,94703,500,1
DEAN PRESTON FOR SUPERVISOR 2019,EDUCATION,10552,100,1
DEAN PRESTON FOR SUPERVISOR 2019,OTHER SERVICES,94559,250,1
DEAN PRESTON FOR SUPERVISOR 2019,PRIVATE LAW,95822,300,1
DEAN PRESTON FOR SUPERVISOR 2019,PRIVATE LAW,94158,100,1
DEAN PRESTON FOR SUPERVISOR 2019,GOVERNMENT,94705,250,1
DEAN PRESTON FOR SUPERVISOR 2019,NA,94303,200,1
DEAN PRESTON FOR SUPERVISOR 2019,NA,91436,250,1
DEAN PRESTON FOR SUPERVISOR 2019,FINANCE,10019,499,1
DEAN PRESTON FOR SUPERVISOR 2019,GOVERNMENT,10306,200,1
DEAN PRESTON FOR SUPERVISOR 2019,OTHER SERVICES,94115,500,1
DEAN PRESTON FOR SUPERVISOR 2019,BIOTECH,94618,500,1
DEAN PRESTON FOR SUPERVISOR 2019,PRIVATE LAW,94704,250,1
DEAN PRESTON FOR SUPERVISOR 2019,MILITARY,94131,250,1
DEAN PRESTON FOR SUPERVISOR 2019,REAL ESTATE (NON-PROFIT),NA,250,1
